time,T,V,W_core,Q_hist,p_mech,p_IG,sigma
63.5,0.977691483,7999.6,0.0978191296,-8.90509451,0.244547824,0.250301535,0.00991812517
64,0.978560791,7999.2,0.232778587,-6.34581679,0.337398643,0.250536616,0.0367214778
64.5,0.982427779,7998.8,0.31002145,5.82901289,0.193107158,0.251539242,7.20414851e-05
65,0.978993308,7998.4,0.430446646,-4.88009571,0.301062991,0.250672421,0.0394510984
65.5,0.985385725,7998,0.539104107,14.3018532,0.271643653,0.252321826,0.0727679647
66,0.989080118,7997.6,0.648295402,26.9941217,0.272978236,0.253280494,0.0294517793
66.5,0.990733051,7997.2,0.78233553,31.8791725,0.335100322,0.253716462,0.0371408725
67,0.986448159,7996.8,0.855992471,18.9509395,0.184142351,0.252631781,0.00112837344
67.5,0.988947261,7996.4,0.960369852,26.9039147,0.260943454,0.253284477,0.0129256834
68,0.992466648,7996,1.0586141,37.3528398,0.245610613,0.254198561,0.0159020357
68.5,0.991570456,7995.6,1.18294743,34.5392501,0.310833321,0.253981727,0.0241904882
69,0.991583584,7995.2,1.3144951,34.6181847,0.32886919,0.253997796,0.0302055885
69.5,0.989346043,7994.8,1.40084106,28.4505494,0.215864907,0.253437321,-0.00734342816
70,0.978057595,7994.4,1.53088283,-7.08658694,0.325104419,0.250558135,0.233541045
70.5,0.980408288,7994,1.58972637,-0.350705318,0.147108838,0.251172901,-0.0336105618
71,0.973911408,7993.6,1.71134451,-19.7138867,0.304045346,0.249520937,0.0904477761
71.5,0.972499725,7993.2,1.8383537,-24.8694668,0.317522978,0.249171725,0.031349653
72,0.972263828,7992.8,1.95528754,-25.2198891,0.292334606,0.249123751,0.0178703895
72.5,0.962142127,7992.4,2.07599028,-56.9490512,0.301756845,0.2465426,0.191763017
73,0.961818507,7992,2.12709484,-57.4667264,0.127761405,0.24647201,-0.0491928162
73.5,0.963293166,7991.6,2.26731145,-53.0832319,0.350541526,0.246862256,0.0466578824
74,0.963980363,7991.2,2.38070897,-50.3438399,0.283493793,0.247050729,0.0159054277
74.5,0.965682212,7990.8,2.44305035,-44.6786588,0.155853459,0.24749927,-0.0331823796
75,0.970138311,7990.4,2.54459306,-32.299459,0.253856784,0.248653792,0.0346540118
75.5,0.970030955,7990,2.67331065,-32.5887025,0.321793959,0.248638723,0.0301875237
76,0.973935317,7989.6,2.81145935,-20.5566138,0.345371759,0.249651989,0.064066201
76.5,0.973305292,7989.2,2.89020166,-21.9303042,0.196855775,0.249502984,-0.0209905845
77,0.973035577,7988.8,3.00664666,-23.1088034,0.291112504,0.249446333,0.0172488855
77.5,0.969443089,7988.4,3.14059637,-34.4635073,0.334874267,0.248537811,0.056666661
78,0.968015495,7988,3.27738371,-39.1209022,0.341968338,0.248184243,0.0420931132
78.5,0.96726491,7987.6,3.3805542,-41.4697397,0.257926248,0.248004224,0.0050301269
79,0.971713127,7987.2,3.50963994,-26.5640605,0.322714332,0.249157212,0.062567969
79.5,0.970255172,7986.8,3.59551475,-32.1668962,0.214687024,0.248795837,-0.0105944659
80,0.966360052,7986.4,3.68588589,-44.1672123,0.225927864,0.247809449,0.0158332471
80.5,0.962260083,7986,3.81456028,-56.6515999,0.321685969,0.246770429,0.0589498935
81,0.960646765,7985.6,3.96851036,-61.1378671,0.384875193,0.246369036,0.0620019231
81.5,0.975200729,7985.2,4.084647,-16.7650666,0.290341598,0.250114098,0.362055133
82,0.975868066,7984.8,4.17692897,-13.7180232,0.230704925,0.250297791,-0.0073097633
82.5,0.97200736,7984.4,4.26453162,-25.6667065,0.219006635,0.249320058,0.0116958254
83,0.973366029,7984,4.36784128,-21.8500398,0.258274149,0.249681066,0.00652936505
83.5,0.971032536,7983.6,4.45350006,-28.7118318,0.214146956,0.249094974,-0.00553757899
84,0.974485621,7983.2,4.5695958,-18.1010225,0.290239347,0.249993305,0.0358547307
84.5,0.976253658,7982.8,4.68339253,-13.1275992,0.284491828,0.250459424,0.0189906331
85,0.973913321,7982.4,4.78595567,-20.7096989,0.25640785,0.249871528,0.0115426157
85.5,0.97001343,7982,4.8839345,-33.4786935,0.244947063,0.248883426,0.0231409429
86,0.976146166,7981.6,4.96279901,-14.4188806,0.197161294,0.250469498,0.0390409108
86.5,0.977308842,7981.2,5.06921496,-10.8613176,0.266039869,0.250780398,0.00842373002
87,0.982916472,7980.8,5.2149845,6.27833666,0.364423841,0.252231974,0.0958441277
87.5,0.988140374,7980.4,5.28948572,22.2029674,0.186253063,0.253585219,0.0158266764
88,0.990552453,7980,5.3805991,29.8325131,0.227783434,0.25421697,-0.00154894889
88.5,0.991030694,7979.6,5.50838479,31.0703059,0.319464229,0.254352456,0.0266408077
89,0.990131768,7979.2,5.59689789,28.3906353,0.221282744,0.254134482,-0.0120037975
89.5,0.989879219,7978.8,5.71627202,27.7878383,0.29843534,0.254082398,0.0180251042
90,0.995809555,7978.4,5.87711977,46.6638132,0.402119364,0.255617413,0.1135422
90.5,0.997362136,7978,5.97906239,51.4543905,0.254856565,0.256028786,0.00325846109
91,0.993430345,7977.6,6.12138834,39.6915061,0.355814872,0.255032259,0.0645790002
91.5,0.990536776,7977.2,6.24167486,31.0386761,0.300716299,0.254302176,0.031827564
92,0.993174838,7976.8,6.34043589,39.8481792,0.246902564,0.254992236,0.0076007171
92.5,0.995685641,7976.4,6.44204189,47.7297602,0.254015007,0.255649691,0.00912956251
93,0.990309242,7976,6.56056393,31.7446623,0.296305089,0.254282012,0.062085401
93.5,0.995220797,7975.6,6.66850143,47.1104018,0.269843754,0.25555597,0.0432789134
94,0.997941695,7975.2,6.77866129,55.7176494,0.275399643,0.256267503,0.0191104147
94.5,1.00092645,7974.8,6.85564059,62.9976968,0.192448272,0.257046869,-0.0121271931
95,1.00538775,7974.4,6.9432699,75.4469349,0.219073268,0.258205521,0.0147678338
95.5,1.00488844,7974,7.03392853,74.5644566,0.226646578,0.258090235,-0.0121346106
96,0.995250226,7973.6,7.14402056,44.1349891,0.275230063,0.255627629,0.151009918
96.5,0.990502788,7973.2,7.21793915,29.8750464,0.184796483,0.254421024,0.00705905977
97,0.988584844,7972.8,7.31670953,23.6784002,0.246925949,0.25394112,0.00293806817
97.5,0.985995493,7972.4,7.40777299,16.3914188,0.227658635,0.253288692,0.000179532808
98,0.986583441,7972,7.50759153,17.7752305,0.24954636,0.253452444,-0.00103537922
98.5,0.985779296,7971.6,7.63387625,14.9612745,0.315711793,0.253258568,0.0263658057
99,0.984247001,7971.2,7.72039816,10.9103555,0.216304773,0.252877592,-0.011141767
99.5,0.983309609,7970.8,7.85296531,7.77421829,0.331417888,0.25264943,0.0334397689
100,0.985023564,7970.4,7.96948504,12.7996876,0.291299333,0.253102512,0.0201694781
100.5,0.990083715,7970,8.09778744,28.2767386,0.320755988,0.254415489,0.0670630304
101,0.983589053,7969.6,8.18532298,9.10488362,0.218838855,0.252759283,0.0528841755
101.5,0.977214368,7969.2,8.26845794,-10.7610008,0.207837404,0.251133743,0.0473599126
102,0.974908206,7968.8,8.38631577,-17.9912999,0.294644574,0.25055366,0.0266742771
102.5,0.966722118,7968.4,8.48730354,-43.0711643,0.252469411,0.248462288,0.11118167
103,0.970943086,7968,8.56996977,-29.6991714,0.206665575,0.249559669,0.011444599
103.5,0.96989097,7967.6,8.68416521,-32.2187925,0.285488615,0.24930176,0.0167328443
104,0.970940283,7967.2,8.74076971,-26.9976803,0.141511239,0.249584007,-0.0427250832
104.5,0.971519201,7966.8,8.84596554,-25.5415351,0.262989574,0.249745359,0.0060011993
105,0.972076245,7966.4,8.94832795,-23.346427,0.255906024,0.249901103,0.00297813561
105.5,0.971739437,7966,9.05162147,-24.4195724,0.258233802,0.249827061,0.00364755617
106,0.975689596,7965.6,9.15135632,-12.2266402,0.249337131,0.250855214,0.0246249727
106.5,0.978098372,7965.2,9.23784074,-2.1579071,0.216211051,0.251487152,-0.00509272103
107,0.977656324,7964.8,9.36154488,-5.90964696,0.309260357,0.251386118,0.0239952747
107.5,0.981778941,7964.4,9.44843434,6.47313831,0.217223635,0.252458851,0.0128067869
108,0.991473866,7964,9.54893025,35.0333334,0.251239774,0.254964651,0.146329047
108.5,0.99221399,7963.6,9.71540709,36.5701626,0.41619212,0.255167795,0.0657728198
109,0.987890173,7963.2,9.83279202,22.7915546,0.293462313,0.2540686,0.0452921091
109.5,0.993087019,7962.8,9.93914318,40.1018025,0.26587791,0.25541797,0.0464256302
110,0.992943573,7962.4,10.0815041,38.1719981,0.355902239,0.255393906,0.0405236789
110.5,0.996319247,7962,10.1916019,47.6135455,0.275244581,0.256275034,0.0252909181
111,0.998339105,7961.6,10.3283067,53.940673,0.341762019,0.256807487,0.040336904
111.5,0.99148106,7961.2,10.43182,33.1653159,0.258783285,0.255056174,0.0746582142
112,0.990143934,7960.8,10.5780153,30.8299548,0.365488058,0.254725,0.04754748
112.5,0.993585467,7960.4,10.6968395,42.7102366,0.297060507,0.255623214,0.0351554448
113,0.995399478,7960,10.8167426,47.353461,0.299757802,0.25610278,0.0226527537
113.5,1.00081786,7959.6,10.9161064,63.0612334,0.248409452,0.257509796,0.0415500831
114,0.997417984,7959.2,11.0269618,52.0185159,0.277138566,0.256647908,0.0260264934
114.5,1.0021963,7958.8,11.1247296,67.3765487,0.244419518,0.257890389,0.0296543263
115,1.00622439,7958.4,11.23478,79.0900042,0.275126105,0.258939932,0.0311179153
115.5,1.00865273,7958,11.3471014,86.9807142,0.280803364,0.259577882,0.0173370221
116,1.00176583,7957.6,11.4940969,67.5214487,0.367488764,0.257818491,0.116057235
116.5,1.00134198,7957.2,11.6124509,65.9242691,0.295884987,0.257722362,0.0155223019
117,0.998323864,7956.8,11.7573056,55.887865,0.362136742,0.256958485,0.0561547978
117.5,1.00031479,7956.4,11.8569682,61.5607905,0.249156521,0.257483873,0.00276531904
118,1.00500944,7956,11.9749339,77.2966867,0.294914377,0.258705295,0.0480351517
118.5,1.00818997,7955.6,12.0616523,85.9678536,0.216795941,0.259537063,-0.00163630156
119,1.00343294,7955.2,12.1326586,71.9429654,0.177515636,0.258325456,0.00220176222
119.5,1.00619305,7954.8,12.2258001,79.0011536,0.232853746,0.259049049,0.00116813258
120,1.01015424,7954.4,12.3145386,91.4195955,0.221846447,0.260081952,0.00854327984
120.5,1.008072,7954,12.4242496,84.3463117,0.274277381,0.259558895,0.0123872742
121,1.01184296,7953.6,12.5036894,95.1596644,0.198599412,0.260542946,-0.00309785449
121.5,1.01480539,7953.2,12.6146009,104.508884,0.277278945,0.261318894,0.0194084617
122,1.0079016,7952.8,12.755312,83.9339116,0.351777661,0.25955418,0.108341174
122.5,1.01217536,7952.4,12.8605596,96.4209659,0.263119015,0.260667866,0.028432745
123,1.01194256,7952,12.9509353,95.6492792,0.225939279,0.260621022,-0.0136251066
123.5,1.01819203,7951.6,13.0302061,114.759768,0.198177061,0.262243734,0.0329369739
124,1.0222161,7951.2,13.1419285,127.273002,0.279305786,0.263293411,0.0301342367
124.5,1.01628724,7950.8,13.2121944,108.624623,0.175664743,0.261779477,0.0181820945
125,1.01582164,7950.4,13.316593,107.431045,0.260996547,0.261672712,5.89187725e-05
125.5,1.01139128,7950,13.4265192,94.276716,0.274815492,0.260544571,0.0350343936
126,1.0095984,7949.6,13.5171683,90.1007813,0.226622827,0.260095794,-0.00842112021
126.5,1.0095116,7949.2,13.6060092,90.2674062,0.222102326,0.260086519,-0.0150365748
127,1.01147017,7948.8,13.7231741,96.6590189,0.292912244,0.260604231,0.0185459105
127.5,1.00420103,7948.4,13.8428668,76.0133059,0.299231596,0.258744365,0.0962285784
128,1.0041308,7948,13.9642116,74.0770047,0.303362047,0.25873929,0.0177857822
128.5,1.00560719,7947.6,14.0837073,77.5874005,0.298739262,0.25913276,0.0190709266
129,1.00600608,7947.2,14.214396,77.7627203,0.326721673,0.259248598,0.0270722504
129.5,1.01079918,7946.8,14.3453882,92.0214526,0.327480689,0.260496894,0.0611571207
130,1.01375116,7946.4,14.4608264,101.452247,0.288595377,0.261270812,0.0238338525
130.5,1.00988639,7946,14.5287416,90.7999169,0.169787926,0.260287858,-0.0134047941
131,1.00910961,7945.6,14.6569344,87.5212648,0.320482211,0.260100745,0.0248468222
131.5,1.00269136,7945.2,14.7887204,67.6759099,0.329464785,0.258459436,0.0909958414
132,1.000383,7944.8,14.8867653,61.4853389,0.245112231,0.257877403,0.00306424889
132.5,1.00111471,7944.4,14.9968508,63.5836201,0.275213756,0.258079015,0.00766979177
133,0.996254385,7944,15.0980418,49.0632009,0.252977554,0.256838996,0.0348916346
133.5,0.994694631,7943.6,15.1844518,44.6843492,0.216025005,0.256449797,-0.0124807084
134,0.99260442,7943.2,15.316082,38.0148418,0.329075493,0.25592379,0.0362828717
134.5,0.992476008,7942.8,15.4413622,37.0390092,0.313200536,0.255903568,0.0231208434
135,0.993523565,7942.4,15.5827058,39.5140854,0.353359062,0.256186576,0.0408337829
135.5,0.99323445,7942,15.6937581,39.1136659,0.277630641,0.256124925,0.00879359964
136,0.993629416,7941.6,15.8010669,40.7185417,0.268271977,0.25623968,0.00508913421
136.5,0.994177459,7941.2,15.9065246,41.4802815,0.263644455,0.256393925,0.0033867261
137,0.990394104,7940.8,16.0204774,29.4118881,0.284882008,0.255431081,0.0342548243
137.5,0.990663985,7940.4,16.1607231,30.7414771,0.350614219,0.255513556,0.0385153699
138,0.992782626,7940,16.2937912,36.9930179,0.332670106,0.256072899,0.0378693477
138.5,0.993240129,7939.6,16.3828068,38.1933155,0.222539005,0.256203812,-0.0132289801
139,0.993347096,7939.2,16.4758157,38.7930072,0.232522311,0.256244313,-0.0095319403
139.5,0.99476488,7938.8,16.5526631,42.5342921,0.192118418,0.256622975,-0.022811928
140,0.998456177,7938.4,16.6598262,54.0407409,0.267907738,0.257588211,0.0251824924
140.5,0.991964795,7938,16.7959221,34.3418335,0.340239913,0.255926417,0.0994924705
141,0.98912282,7937.6,16.891,25.7616762,0.237694606,0.255206049,0.00557711522
141.5,0.991357831,7937.2,17.0098579,32.8791762,0.297144849,0.2557956,0.0245053391
142,0.992103127,7936.8,17.0924903,34.742296,0.206581008,0.256000807,-0.0190553986
142.5,0.990765974,7936.4,17.181309,30.4466997,0.222046598,0.255668655,-0.0107763169
143,0.997102534,7936,17.3255115,49.7708651,0.360506298,0.257316783,0.10369483
143.5,0.992062446,7935.6,17.4148435,34.206123,0.223330084,0.25602902,0.0263297125
144,0.993799374,7935.2,17.5207554,39.9838063,0.264779672,0.25649021,0.00803654223
144.5,1.00083708,7934.8,17.6519445,61.6614694,0.327972793,0.258319597,0.104148281
145,0.995297652,7934.4,17.7237265,44.7763909,0.179455022,0.256902802,0.0162802601
145.5,0.992494098,7934,17.816839,36.4391279,0.232781128,0.256192074,0.00280050121
146,0.994037216,7933.6,17.9394445,40.6718865,0.306513786,0.256603335,0.0237919272
146.5,0.997441454,7933.2,18.0358122,51.2445841,0.240919316,0.257495096,0.0112879917
147,0.998919647,7932.8,18.1036066,55.5734725,0.169485935,0.257889703,-0.0320303184
147.5,0.994239765,7932.4,18.2289813,41.433368,0.313436867,0.256694448,0.0567559742
148,0.994881738,7932,18.3538734,43.4093929,0.31223023,0.256873147,0.0228991902
148.5,0.999463252,7931.6,18.4968491,58.5537986,0.357439149,0.258069083,0.0721466368
149,0.993951377,7931.2,18.6466531,42.1294063,0.374510088,0.256658818,0.094490609
149.5,0.998518701,7930.8,18.7277424,55.303296,0.202723203,0.2578512,0.0101538098
150,0.998324108,7930.4,18.8021021,54.3217073,0.185899203,0.257813953,-0.0287532339
150.5,0.996599789,7930,18.8887273,49.0487593,0.216563004,0.257381635,-0.0117876797
151,0.988520441,7929.6,19.002815,24.6769753,0.285219445,0.255307943,0.114156418
151.5,0.995638866,7929.2,19.1286229,46.4234841,0.314519621,0.257159411,0.101938945
152,0.992154313,7928.8,19.1929378,35.1957145,0.1607872,0.256272328,-0.0195913076
152.5,0.998944742,7928.4,19.2952112,55.6768671,0.255683548,0.258039306,0.0703571464
153,1.00539474,7928,19.3867512,75.419723,0.228850093,0.259718519,0.051210589
153.5,1.00825759,7927.6,19.5513736,84.1812881,0.411555929,0.260471208,0.072348639
154,1.00507929,7927.2,19.6262593,75.2690475,0.187214362,0.259663234,-0.013503176
154.5,1.00206069,7926.8,19.7607325,65.3410728,0.336182777,0.258896438,0.0447641394
155,1.00105224,7926.4,19.9167497,62.7821854,0.390043108,0.258648944,0.054062746
155.5,1.00129985,7926,20.0374466,64.3243303,0.301742129,0.258725976,0.0172806715
156,0.996568808,7925.6,20.1583852,50.8849257,0.302346571,0.257516519,0.0525042014
156.5,0.999556857,7925.2,20.3283216,60.581442,0.424841148,0.258301676,0.0804015895
157,0.996399779,7924.8,20.4460838,50.9668505,0.294405343,0.257498832,0.0302064276
157.5,0.997884503,7924.4,20.5373921,55.6105127,0.228270739,0.257895546,-0.00846871972
158,1.00359435,7924,20.6700549,74.27463,0.331656961,0.259384305,0.078716686
158.5,1.0027587,7923.6,20.7891612,72.3974379,0.297765789,0.25918141,0.0164600177
159,1.00234619,7923.2,20.9000771,71.897423,0.277289698,0.259087867,0.00752638523
159.5,0.993964998,7922.8,20.9703772,45.0551845,0.175750366,0.256934457,0.0759312269
160,0.996034915,7922.4,21.0301864,49.5281181,0.149522905,0.257482519,-0.0367103589
160.5,0.997157115,7922,21.1012098,51.7665127,0.177558606,0.257785631,-0.030232847
161,1.00029657,7921.6,21.2125633,61.3674193,0.278383769,0.258610304,0.0230715413
161.5,0.999490846,7921.2,21.3250639,58.9216371,0.281251509,0.258415045,0.0101394989
162,0.996285267,7920.8,21.4448849,48.3473802,0.299552585,0.257599261,0.0327139413
162.5,0.996312876,7920.4,21.5170558,48.8562485,0.180427134,0.257619409,-0.0309873872
163,1.00211272,7920,21.6124609,67.4614639,0.238512628,0.259132177,0.0434221217
163.5,1.00467122,7919.6,21.7394836,74.245496,0.317556894,0.259806892,0.0329734602
164,0.998543331,7919.2,21.8341658,56.5442472,0.236705554,0.258235269,0.0489894111
164.5,0.996904231,7918.8,21.9228817,52.0608073,0.221789757,0.257824401,-0.0103081901
165,0.990409143,7918.4,22.0411968,31.0368376,0.295787641,0.256157547,0.0817797794
165.5,0.999312509,7918,22.1723767,57.5469752,0.327949712,0.258473354,0.150467571
166,1.00196108,7917.6,22.2493836,65.8785422,0.192517271,0.259171504,-0.0158551333
166.5,0.998051088,7917.2,22.3286898,53.6858245,0.198265507,0.258173171,-0.000494382043
167,0.995865807,7916.8,22.3932902,46.8203158,0.161500963,0.257620904,-0.0312196481
167.5,0.997313483,7916.4,22.4923389,51.4821087,0.247621812,0.25800844,-0.00092362746
168,0.994408579,7916,22.5745655,42.1688798,0.2055665,0.257269931,-0.0077128575
168.5,0.987555709,7915.6,22.6896347,22.10717,0.287673042,0.255509891,0.0866523408
169,0.985088374,7915.2,22.7783993,15.1350688,0.221911587,0.254884398,-0.00376620976
169.5,0.987702231,7914.8,22.8792836,23.8823717,0.252210643,0.25557363,0.00941697384
170,0.98523488,7914.4,22.9676565,15.0872211,0.2209322,0.254948074,-0.00419043214
170.5,0.985766379,7914,23.1010157,16.6026899,0.333397936,0.255098502,0.032221308
171,0.983132652,7913.6,23.2464186,7.67012138,0.363507398,0.254429801,0.0553857895
171.5,0.988518855,7913.2,23.3657971,24.6998145,0.298446213,0.255836655,0.0630130305
172,0.990626872,7912.8,23.4577992,32.106262,0.230005232,0.256395187,-0.00368801099
172.5,0.985645488,7912.4,23.614576,16.8478868,0.391941913,0.255118796,0.0946300716
173,0.98142084,7912,23.734229,3.49173629,0.299132711,0.254038155,0.0467622483
173.5,0.982247415,7911.6,23.8555506,6.1044474,0.30330395,0.254264966,0.0210610544
174,0.984262549,7911.2,23.9364529,13.6578585,0.202255637,0.254799487,-0.0149037847
174.5,0.984218256,7910.8,24.0552979,12.6404331,0.29711263,0.254800904,0.0172018034
175,0.98533504,7910.4,24.1589572,16.1766351,0.259148128,0.255102923,0.00361942988
175.5,0.980829478,7910,24.2844819,4.41244309,0.313811882,0.253949276,0.0567284694
176,0.981139612,7909.6,24.3688464,4.30857463,0.210911125,0.25404242,-0.0174280397
176.5,0.983425606,7909.2,24.5014622,10.6588256,0.331539492,0.254647201,0.0395904111
177,0.988871529,7908.8,24.5999088,26.3907984,0.246116619,0.256070313,0.0427339719
177.5,0.99032939,7908.4,24.7188796,31.6078292,0.29742693,0.2564608,0.0198809762
178,0.986352874,7908,24.8316994,18.8398325,0.2820495,0.255443941,0.0356902114
178.5,0.984948197,7907.6,24.9643017,13.5935806,0.33150572,0.255093063,0.0341558509
179,0.982553537,7907.2,25.0991821,6.90076129,0.33720102,0.25448574,0.0427850329
179.5,0.986851745,7906.8,25.1723236,19.0094674,0.182853657,0.255611926,-0.000265377555
180,0.987083246,7906.4,25.2458896,19.3385976,0.183915096,0.255684824,-0.0289964352
180.5,0.988817748,7906,25.392917,24.3444113,0.367568428,0.256147071,0.049806865
181,0.986958887,7905.6,25.49022,19.0908564,0.243257542,0.255678481,0.000410390162
181.5,0.986161521,7905.2,25.596414,16.9006251,0.265485043,0.255484845,0.00506246753
182,0.986786901,7904.8,25.7187343,18.4308658,0.305800748,0.255659798,0.0209447419
182.5,0.99243465,7904.4,25.8155155,36.1268181,0.241953066,0.257136046,0.0438163754
183,0.996384938,7904,25.9409736,47.7143835,0.313645121,0.258172615,0.0464793099
183.5,1.00216163,7903.6,26.0221301,65.2825004,0.202891356,0.259682553,0.0285678903
184,1.00672409,7903.2,26.1301144,79.742596,0.269960793,0.26087799,0.0352547985
184.5,1.01006902,7902.8,26.2264226,89.8049657,0.240770372,0.261758029,0.00857322301
185,1.00751509,7902.4,26.360574,82.0043077,0.335378432,0.261109398,0.0393417295
185.5,1.01035979,7902,26.4866622,91.0077372,0.315220595,0.26185989,0.0333271609
186,1.0037386,7901.6,26.5874998,70.8120299,0.252094044,0.260157013,0.063334769
186.5,0.9995102,7901.2,26.6860201,57.919073,0.246300792,0.259074177,0.0223031055
187,0.998666986,7900.8,26.8329147,55.5958622,0.367236415,0.25886872,0.0445019755
187.5,0.996076059,7900.4,26.9281787,49.1023709,0.238160044,0.258210188,0.00232539879
188,0.998764855,7900,27.0193867,56.6203862,0.228019885,0.258920307,-0.00122062757
188.5,1.001282,7899.6,27.1487984,64.6988988,0.323529365,0.259585996,0.0352707421
189,1.00268226,7899.2,27.2435236,68.2725923,0.236812916,0.259962182,-0.00623393517
189.5,1.00473312,7898.8,27.3439491,73.8128553,0.25106375,0.260507094,0.00265155069
190,1.01322104,7898.4,27.4992844,100.322508,0.388338252,0.262721143,0.157991188
190.5,1.00701131,7898,27.6067256,80.6313955,0.268602984,0.261124229,0.0611416534
191,1.01269081,7897.6,27.7175188,97.8231387,0.276983086,0.26261026,0.0541735121
191.5,1.00766496,7897.2,27.8146582,82.8538538,0.242848552,0.261320194,0.0307537401
192,1.00092028,7896.8,27.9504909,62.1685129,0.339581663,0.259584229,0.101405659
192.5,1.00256947,7896.4,28.0097137,67.1924053,0.148057009,0.260025111,-0.0405089903
193,1.00546137,7896,28.1564918,75.9445666,0.366945291,0.26078836,0.0549656699
193.5,1.01034389,7895.6,28.2605696,91.0226526,0.260194455,0.262068024,0.0352476425
194,1.01311753,7895.2,28.3587644,99.3862953,0.245486909,0.262800779,0.00470038239
194.5,1.01330536,7894.8,28.4742155,99.6180624,0.288627879,0.262862817,0.0102261075
195,1.00850868,7894.4,28.5874575,85.5371015,0.283104865,0.261631761,0.0431562601
195.5,1.01010063,7894,28.7297903,90.6454512,0.355832156,0.26205803,0.0409564287
196,1.00734351,7893.6,28.8010867,81.7278423,0.178240897,0.261355974,-0.0215154313
196.5,1.0064485,7893.2,28.9316996,78.6500336,0.326532318,0.261136996,0.0272071202
197,1.00413736,7892.8,29.0231946,71.9158436,0.228737428,0.260550542,-0.00454576714
197.5,1.0057353,7892.4,29.15216,77.6137042,0.322413649,0.260978396,0.0283181203
198,1.00516532,7892,29.2451493,75.2323842,0.232473158,0.260843712,-0.0107935706
198.5,1.01538866,7891.6,29.395732,107.139068,0.37645667,0.263510059,0.201258247
199,1.01639895,7891.2,29.5235914,110.445673,0.31964848,0.263785616,0.0235058403
199.5,1.01735712,7890.8,29.6585913,114.038004,0.337499733,0.264047673,0.0302455096
200,1.01392141,7890.4,29.7248382,103.32586,0.165617253,0.2631693,-0.0208855581
200.5,1.01520383,7890,29.8139726,106.855933,0.222836207,0.263515518,-0.0135723313
201,1.02407332,7889.6,29.9113746,133.722439,0.243504839,0.265831241,0.107171325
201.5,1.02903846,7889.2,30.0327685,148.912073,0.303484769,0.267133646,0.0500076084
202,1.02399711,7888.8,30.1303891,134.07883,0.244051586,0.265838413,0.0285999232
202.5,1.02469622,7888.4,30.2260418,135.665598,0.23913167,0.266033399,-0.0097833956
203,1.02532018,7888,30.339083,138.237401,0.282603091,0.266208889,0.00696742116
203.5,1.02544926,7887.6,30.4187879,139.311165,0.199262186,0.266255906,-0.0261054619
204,1.02624392,7887.2,30.4945901,140.293752,0.189505438,0.266475752,-0.0290766853
204.5,1.02304187,7886.8,30.6153695,130.94793,0.301948563,0.265657775,0.0292081077
205,1.02509498,7886.4,30.7539154,136.931615,0.346364787,0.266204417,0.0374515885
205.5,1.01768268,7886,30.8607463,114.29302,0.267077284,0.264292941,0.0821874135
206,1.02664405,7885.6,30.9827891,142.013347,0.305106988,0.26663374,0.132708859
206.5,1.0308527,7885.2,31.0607555,154.070935,0.194915872,0.267740364,-0.00258291434
207,1.03139706,7884.8,31.1398939,155.516722,0.197846003,0.26789534,-0.0267361194
207.5,1.03219816,7884.4,31.2593991,158.337647,0.298763137,0.26811702,0.0128043854
208,1.0366179,7884,31.3766318,172.80762,0.29308179,0.269278725,0.0371892377
208.5,1.03112146,7883.6,31.4626229,156.924781,0.214977564,0.267864522,0.0229769333
209,1.03675349,7883.2,31.567075,173.220171,0.261130344,0.269341277,0.0423279806
209.5,1.03395039,7882.8,31.6861381,165.090968,0.297657844,0.26862668,0.0225028349
210,1.03408776,7882.4,31.8163944,165.443145,0.325640537,0.268676003,0.022064444
210.5,1.04547864,7882,31.9695301,201.767261,0.382839262,0.271649361,0.226216719
211,1.03665856,7881.6,32.0582634,174.006874,0.221833433,0.269371287,0.0922229693
211.5,1.03870154,7881.2,32.140968,181.275635,0.206761434,0.269915844,-0.0183680491
212,1.03875445,7880.8,32.2655186,180.693968,0.311376456,0.269943294,0.0159615635
212.5,1.03438644,7880.4,32.3915987,165.703396,0.31520021,0.268821815,0.0452504572
213,1.03876943,7880,32.5203948,178.154723,0.321990342,0.269974593,0.0474555441
213.5,1.03436614,7879.6,32.6594099,164.923907,0.34753762,0.268843831,0.0581910022
214,1.03575908,7879.2,32.7533378,168.840772,0.234819855,0.26921954,-0.0105016316
214.5,1.0396502,7878.8,32.9135629,180.600845,0.400562854,0.270244659,0.0717119741
215,1.03450898,7878.4,33.0042839,164.797531,0.226802458,0.268921913,0.0215279746
215.5,1.02985876,7878,33.1298698,150.642407,0.31396478,0.267726675,0.0491848909
216,1.03504455,7877.6,33.2064589,166.352293,0.191472642,0.269088459,0.00869371954
216.5,1.03475553,7877.2,33.3145627,165.950529,0.270259471,0.26902698,0.000598887592
217,1.02971236,7876.8,33.3985021,151.127254,0.209848488,0.267729397,0.0142424721
217.5,1.03040478,7876.4,33.5183786,153.454174,0.29969129,0.267923034,0.0130288943
218,1.03439695,7876,33.6043549,166.119937,0.214940785,0.268974728,0.00204577426
218.5,1.03193406,7875.6,33.7130731,158.394809,0.271795602,0.26834793,0.0100745358
219,1.03662194,7875.2,33.8191002,172.470619,0.265067706,0.269580676,0.0297688404
219.5,1.03043844,7874.8,33.9772066,152.783173,0.395265801,0.267986226,0.10450184
220,1.03264228,7874.4,34.0795251,159.757298,0.255796427,0.26857302,0.00205952193
220.5,1.02663518,7874,34.1746984,142.333705,0.237933177,0.267024239,0.041051997
221,1.03190288,7873.6,34.279469,159.083955,0.261926518,0.268407983,0.0376541052
221.5,1.02794389,7873.2,34.4204909,145.788013,0.352554737,0.267391795,0.0558670017
222,1.02684929,7872.8,34.526981,141.675896,0.266225263,0.267120635,0.00139800285
222.5,1.02790204,7872.4,34.6012514,145.451469,0.185675921,0.267408082,-0.0301904981
223,1.02900853,7872,34.7120649,148.491611,0.277033765,0.267709537,0.0054044825
223.5,1.02353521,7871.6,34.8732195,131.662657,0.402886445,0.266299114,0.0971479297
224,1.02247732,7871.2,35.0282972,127.90745,0.387694443,0.266037397,0.0492387869
224.5,1.01962659,7870.8,35.1434522,120.282381,0.287887532,0.26530915,0.0208444782
225,1.02395781,7870.4,35.226327,132.384643,0.207186769,0.266449684,0.00441180345
225.5,1.02769971,7870,35.3388238,143.966958,0.28124209,0.267436978,0.0257885183
226,1.02372979,7869.6,35.4523816,131.722029,0.283894551,0.266417431,0.0298704432
226.5,1.02050989,7869.2,35.542925,122.708899,0.226358499,0.265592976,-0.000116566264
227,1.02300195,7868.8,35.6347362,131.684536,0.229527987,0.266255083,-0.00522803395
227.5,1.0230495,7868.4,35.7717968,131.144066,0.342651426,0.266280995,0.029865881
228,1.02764041,7868,35.9290681,145.772296,0.393178406,0.267489523,0.0796729271
228.5,1.03125335,7867.6,36.0616765,156.807278,0.331520869,0.2684436,0.0433661069
229,1.02224528,7867.2,36.1687273,128.410532,0.267627031,0.266112256,0.119172842
229.5,1.02194218,7866.8,36.2599963,128.356971,0.22817251,0.266046878,-0.0146867203
230,1.02244172,7866.4,36.3855047,129.660597,0.313771046,0.266190462,0.0189839225
230.5,1.02206644,7866,36.4916186,127.549853,0.265284697,0.26610629,-0.000111862105
231,1.01723733,7865.6,36.6119202,113.058571,0.300754108,0.264862445,0.0486232386
231.5,1.01671907,7865.2,36.719748,110.818237,0.269569305,0.264740967,0.00230119241
232,1.01451285,7864.8,36.8583774,104.278172,0.34657368,0.264179931,0.0397421191
232.5,1.01783391,7864.4,36.9633948,114.702578,0.262543358,0.265058217,0.0154027183
233,1.01420365,7864,37.1220198,103.002088,0.396562522,0.264126281,0.0718680325
233.5,1.00969477,7863.6,37.2004406,88.9228062,0.196051943,0.262965421,0.00403347745
234,1.01327188,7863.2,37.2955837,99.9403387,0.237857786,0.263910471,0.0089060455
234.5,1.00285703,7862.8,37.4141679,68.5530782,0.296460681,0.261211171,0.178584993
235,1.00827552,7862.4,37.4972042,84.5950438,0.207590652,0.262635871,0.0226847169
235.5,1.00625107,7862,37.633606,78.1672501,0.341004429,0.262121876,0.0375685142
236,1.00654515,7861.6,37.735607,78.8364726,0.255002435,0.262211822,-0.00273121488
236.5,1.00358113,7861.2,37.851554,70.1716147,0.289867715,0.261452979,0.0246998694
237,1.00964303,7860.8,37.9638719,88.5266229,0.280794546,0.26304561,0.0626268747
237.5,1.01311507,7860.4,38.0598245,99.483883,0.239881561,0.263963622,0.00857604711
238,1.01083664,7860,38.166362,92.542989,0.26634367,0.26338339,0.00896601217
238.5,1.01059206,7859.6,38.2365025,91.6794363,0.17535148,0.263333062,-0.0347311694
239,1.01114084,7859.2,38.3251672,94.1334129,0.221661701,0.263489471,-0.0160914949
239.5,1.00940054,7858.8,38.420971,89.6577133,0.239509399,0.26304936,-0.00476513215
240,1.0114536,7858.4,38.5595284,95.6911165,0.346393609,0.263597803,0.0390830347
240.5,1.01059082,7858,38.6836238,92.3397434,0.310238517,0.263386357,0.0196660359
241,1.00785872,7857.6,38.7732837,83.9209652,0.224149744,0.262687672,-0.00402549648
241.5,1.00275718,7857.2,38.8915892,67.639841,0.295763747,0.261371317,0.0533433254
242,0.997739215,7856.8,39.0184485,52.0455844,0.317148243,0.26007661,0.0616052089
242.5,1.00211858,7856.4,39.1160052,65.3972425,0.243891743,0.26123146,0.0225013882
243,0.999113373,7856,39.2462817,56.9410295,0.325691182,0.260461327,0.0399865646
243.5,0.996333884,7855.6,39.3895387,48.7577112,0.358142611,0.259749961,0.0514363003
244,0.996910207,7855.2,39.5065328,50.1088189,0.29248513,0.259913446,0.0135852542
244.5,0.991400605,7854.8,39.6089004,32.8868275,0.255919108,0.258490151,0.0462290395
245,0.985820352,7854.4,39.7442512,16.212851,0.338376867,0.257048289,0.0820327504
245.5,0.987495127,7854,39.8889417,21.7119457,0.361726204,0.257498093,0.0466449366
246,0.989861127,7853.6,40.0017551,28.8159405,0.282033503,0.258128194,0.0184522359
246.5,0.990733917,7853.2,40.1179634,31.9419615,0.29052074,0.258368953,0.0141764117
247,0.994374459,7852.8,40.2114261,42.4688717,0.233656936,0.259331562,0.010313536
247.5,0.999230101,7852.4,40.2814538,56.824355,0.175069086,0.260611182,0.00214787335
248,1.00506028,7852,40.3874373,75.0042512,0.264958843,0.262145116,0.0530089667
248.5,0.995745174,7851.6,40.5212719,46.293361,0.334586497,0.259728732,0.16366321
249,1.00078358,7851.2,40.6312976,62.238227,0.275064183,0.261056243,0.0446637618
249.5,0.998617438,7850.8,40.7410241,55.5551197,0.274316279,0.260504473,0.0127517408
250,0.99836777,7850.4,40.8541577,54.6757956,0.282834013,0.260452613,0.00906589747
250.5,0.996966666,7850,40.9285803,50.0464729,0.186056475,0.260100348,-0.0266741588
251,0.991330966,7849.6,41.0257808,32.3360401,0.243001172,0.25864322,0.0431458306
251.5,0.992689049,7849.2,41.1081238,36.2568055,0.205857663,0.259010749,-0.0185376693
252,0.989697069,7848.8,41.2067778,27.4987899,0.246635,0.258243247,0.00932075783
252.5,0.984563301,7848.4,41.3171783,11.5244767,0.27600122,0.256916778,0.0493730484
253,0.987018473,7848,41.4248558,18.7200773,0.269193762,0.25757057,0.0142328305
253.5,0.987381904,7847.6,41.52272,20.2337963,0.244660449,0.257678544,-0.005062974
254,0.981450183,7847.2,41.6705626,1.8108736,0.369606638,0.25614359,0.102127515
254.5,0.971197023,7846.8,41.7958029,-29.7101146,0.313100617,0.253480591,0.194557862
255,0.975962104,7846.4,41.8853795,-14.9887661,0.223941629,0.254737254,0.024116211
255.5,0.974139452,7846,41.9866537,-20.4680204,0.253185309,0.254274484,0.00492593093
256,0.966233182,7845.6,42.0864312,-44.8098109,0.249443743,0.25222361,0.101136307
256.5,0.959111008,7845.2,42.2241059,-66.0214746,0.344186841,0.250377217,0.123408312
257,0.962648985,7844.8,42.3055985,-55.7451569,0.203731607,0.251313624,0.00102983061
257.5,0.969646372,7844.4,42.3985027,-34.1085299,0.232260469,0.253153303,0.0717609418
258,0.965701721,7844,42.4962981,-46.6164107,0.244488402,0.252136298,0.0223937216
258.5,0.966748463,7843.6,42.6490382,-43.2859775,0.381850343,0.252422466,0.0553565019
259,0.974421967,7843.2,42.763472,-19.8416398,0.286084311,0.254439029,0.108750408
259.5,0.978094021,7842.8,42.8944839,-8.54965543,0.327529934,0.255410893,0.0512002128
260,0.981012656,7842.4,42.9884603,0.404681316,0.234940939,0.256186106,0.00496284266
260.5,0.987038281,7842,43.1192452,19.2846837,0.326962323,0.257772813,0.0855196157
261,0.988151534,7841.6,43.2087742,22.3024637,0.223822418,0.258076711,-0.0119123407
261.5,0.988255716,7841.2,43.2740738,22.553649,0.163248978,0.258117087,-0.0383784671
262,0.991303494,7840.8,43.3749173,31.962157,0.252108763,0.258926328,0.0118008116
262.5,0.992290136,7840.4,43.4760041,35.1388245,0.252716986,0.25919726,-0.00109001294
263,0.991217465,7840,43.6015115,31.8846643,0.313768401,0.258930277,0.0239297893
263.5,0.986410435,7839.6,43.7144398,17.1576313,0.282320834,0.25768771,0.0463514612
264,0.984684562,7839.2,43.8281314,11.89399,0.284229007,0.257249972,0.0156752352
264.5,0.979195488,7838.8,43.9194475,-4.67422745,0.228290398,0.255828999,0.0368405901
265,0.979756568,7838.4,44.0184302,-1.9701214,0.247456666,0.255988652,-0.00297671292
265.5,0.982086436,7838,44.154613,4.62155814,0.340457011,0.25661049,0.0428115181
266,0.988628128,7837.6,44.3051855,23.8558958,0.376431169,0.25833296,0.115335511
266.5,0.99020587,7837.2,44.4432831,29.1003676,0.345244019,0.258758437,0.0388427479
267,0.998238441,7836.8,44.5232059,54.1157499,0.199806903,0.260870805,0.0755269691
267.5,0.999325167,7836.4,44.6382192,57.5967975,0.287533347,0.261168131,0.0123736195
268,1.00721043,7836,44.7713575,80.9751997,0.332845791,0.263242338,0.122280921
268.5,1.00644078,7835.6,44.843951,78.9850719,0.181483826,0.263054611,-0.0315190313
269,1.00119667,7835.2,44.9682073,62.3085818,0.310640637,0.261697311,0.0615501737
269.5,1.01378241,7834.8,45.1263598,100.99357,0.395381276,0.265000559,0.290157075
270,1.0192395,7834.4,45.2172892,117.777187,0.227323606,0.266440633,0.0288402368
270.5,1.01759107,7834,45.3033185,112.832092,0.215073185,0.266023296,-0.0159986473
271,1.01788022,7833.6,45.3973545,113.762638,0.235089817,0.266112476,-0.012064437
271.5,1.01799559,7833.2,45.5059724,115.605719,0.271544853,0.266156227,0.0021397451
272,1.02091467,7832.8,45.6669508,123.764536,0.402445992,0.266933058,0.0656789807
272.5,1.02068788,7832.4,45.8051696,123.167623,0.345546904,0.266887387,0.0309045775
273,1.01853067,7832,45.9492109,115.734581,0.360103337,0.266336927,0.0437072539
273.5,1.01869408,7831.6,46.0823749,116.04485,0.332910141,0.266393262,0.0261606887
274,1.01753565,7831.2,46.2514619,112.859531,0.422717328,0.26610392,0.063557729
274.5,1.01823655,7830.8,46.3860019,115.22696,0.33635011,0.266300819,0.0282486697
275,1.01581653,7830.4,46.4850782,107.659813,0.247690813,0.265681478,0.00162227944
275.5,1.01722213,7830,46.6295919,112.796129,0.361284164,0.266062697,0.0403819159
276,1.0319133,7829.6,46.751339,157.143378,0.304367732,0.269919081,0.327670322
276.5,1.03617545,7829.2,46.8516816,170.949882,0.250856427,0.271047786,0.0182681996
277,1.03983991,7828.8,46.9517213,181.622584,0.250099356,0.272020249,0.010690726
277.5,1.03787394,7828.4,47.0340648,176.018885,0.205858836,0.27151983,-0.0197989651
278,1.03525984,7828,47.1508128,167.412837,0.291869978,0.270849791,0.0179014004
278.5,1.04272429,7827.6,47.2723671,190.946813,0.303885747,0.272816617,0.0910119959
279,1.03482094,7827.2,47.394679,167.071554,0.30577957,0.270762633,0.102679523
279.5,1.03016789,7826.8,47.5014147,152.934819,0.266839213,0.269558931,0.0301890773
280,1.03060747,7826.4,47.5874356,153.780776,0.215052448,0.269687737,-0.0209228895
280.5,1.03409305,7826,47.6994853,164.801142,0.280124164,0.270613668,0.0211718017
281,1.02723464,7825.6,47.8167171,143.432049,0.293079506,0.268832619,0.0776107768
281.5,1.02821283,7825.2,47.9147426,145.599446,0.245063723,0.269102371,-0.00795788919
282,1.03170592,7824.8,48.0511622,156.68773,0.341049152,0.27003038,0.0451845391
282.5,1.0321089,7824.4,48.1462439,157.448732,0.237704128,0.270149663,-0.0123375645
283,1.02537162,7824,48.2827687,136.742284,0.341312124,0.268399933,0.0944697146
283.5,1.02617527,7823.6,48.3784161,139.196694,0.239118447,0.26862403,-0.0105559424
284,1.0270013,7823.2,48.5165944,141.639902,0.345445777,0.268854005,0.0308280862
284.5,1.02971922,7822.8,48.6194407,150.268769,0.257115544,0.269579302,0.00588103895
285,1.02777625,7822.4,48.7283401,144.940552,0.272248573,0.269084393,0.00671667682
285.5,1.0247979,7822,48.7970787,136.545933,0.171846583,0.268318346,-0.0247036322
286,1.02939945,7821.6,48.9093598,149.89244,0.280702756,0.269536932,0.0351256147
286.5,1.02884804,7821.2,49.0815904,147.423592,0.430576329,0.269406329,0.0631040955
287,1.0277377,7820.8,49.1838391,144.203167,0.255621913,0.269129349,-0.00346295051
287.5,1.0278044,7820.4,49.3089447,144.258414,0.31276392,0.269160581,0.0169786557
288,1.031008,7820,49.4258731,154.063289,0.292321024,0.270013347,0.023518234
288.5,1.02371677,7819.6,49.621606,131.793906,0.489332274,0.268117545,0.163987614
289,1.01933758,7819.2,49.7202476,118.57696,0.246604095,0.266984265,0.0202736918
289.5,1.01455859,7818.8,49.8207181,103.719745,0.251176055,0.26574615,0.0282323734
290,1.01118196,7818.4,49.8988708,93.380386,0.195381913,0.264875249,-0.0103975368
290.5,1.00879077,7818,49.9859316,85.7718684,0.217651925,0.264262406,-0.00986251964
291,1.00823683,7817.6,50.0784785,84.1876125,0.231367261,0.264130811,-0.0125322021
291.5,1.01507537,7817.2,50.1872433,105.382531,0.271912031,0.265935931,0.0723865683
292,1.02024041,7816.8,50.2888784,121.165598,0.254087777,0.267302779,0.034322041
292.5,1.0232491,7816.4,50.398927,130.646178,0.275121542,0.268104775,0.0160512521
293,1.01983018,7816,50.5389746,120.116573,0.350118863,0.267222648,0.0497407922
293.5,1.01828282,7815.6,50.6759536,114.901585,0.342447557,0.266830852,0.0332495539
294,1.01817335,7815.2,50.748636,114.88956,0.181706066,0.266815823,-0.0334158185
294.5,1.02224988,7814.8,50.8634799,127.842153,0.287109653,0.267897803,0.0320116037
295,1.01731806,7814.4,50.9858961,112.593728,0.306040586,0.266618983,0.0514854254
295.5,1.00937662,7814,51.0885744,88.5963131,0.256695735,0.264551231,0.0914724516
296,1.0117637,7813.6,51.1921965,95.4255844,0.259055173,0.265190443,0.00614055519
296.5,1.01360791,7813.2,51.2911114,100.753018,0.247287168,0.265687425,-0.00216764822
297,1.00680597,7812.8,51.4418495,79.5141269,0.376845287,0.26391801,0.114661633
297.5,1.00624219,7812.4,51.5518708,77.8704822,0.275053411,0.26378373,0.00496458054
298,1.00340895,7812,51.6265015,69.3652635,0.1865767,0.263054472,-0.0182612655
298.5,1.00056669,7811.6,51.7157136,60.5983073,0.223030227,0.262322775,-0.00333442353
299,1.00492503,7811.2,51.8361511,75.9323684,0.301093759,0.26347891,0.0439498908
299.5,1.00525119,7810.8,51.9609819,76.4433088,0.312077033,0.263577922,0.0194627198
300,1.00150589,7810.4,52.0765013,64.2597589,0.28879849,0.262609349,0.0318902953
300.5,1.00785553,7810,52.1843696,83.5789656,0.269670745,0.264287852,0.063363069
301,0.996950761,7809.6,52.295184,49.813615,0.277035865,0.261441707,0.188701136
301.5,0.991142471,7809.2,52.4561966,32.0225717,0.402531514,0.259931847,0.110096293
302,0.989211756,7808.8,52.5606622,26.804162,0.261164143,0.259438797,0.00654400583
302.5,0.995895442,7808.4,52.6788299,47.1503312,0.295419192,0.261205095,0.0832382575
303,0.998146763,7808,52.8180279,54.7012741,0.347994966,0.261808987,0.0423669297
303.5,0.998992422,7807.6,52.9084416,56.0992426,0.226034306,0.262044224,-0.0133145147
304,0.998115443,7807.2,52.9875478,53.017298,0.197765455,0.261827599,-0.0244854553
304.5,0.998534437,7806.8,53.1325031,55.0806059,0.362388265,0.261950931,0.0405071089
305,1.00849901,7806.4,53.2433965,86.211448,0.277233558,0.264578548,0.1559711
305.5,1.00421499,7806,53.3667971,73.4463706,0.308501479,0.26346814,0.0458149787
306,1.00206912,7805.6,53.4460684,67.3191821,0.19817824,0.262918617,-0.0188062783
306.5,0.999306465,7805.2,53.5316545,57.8700344,0.21396522,0.2622072,-0.00758966663
307,1.00171946,7804.8,53.6189043,64.7691604,0.218124467,0.262853816,-0.0089312168
307.5,1.00985833,7804.4,53.7241237,90.1027975,0.263048583,0.265003058,0.0995375145
308,1.01151607,7804,53.8706313,94.992417,0.366268888,0.26545168,0.0440004595
308.5,1.01274119,7803.6,54.0098015,99.0467833,0.347925524,0.26578681,0.0346944035
309,1.01182608,7803.2,54.1216789,96.1351906,0.279693573,0.265560258,0.0068455808
309.5,1.00977801,7802.8,54.1911569,89.4853603,0.173694893,0.265036316,-0.02986992
310,1.01332304,7802.4,54.3368821,100.5285,0.364313003,0.265980413,0.0576615032
310.5,1.00672666,7802,54.4195794,80.2276546,0.20674336,0.264262522,0.0428066615
311,1.00475521,7801.6,54.5317789,74.4176097,0.280498656,0.263758547,0.012572764
311.5,1.01057258,7801.2,54.6126635,92.7176056,0.20221162,0.265299268,0.0261268581
312,1.01374559,7800.8,54.7287513,103.452557,0.290219438,0.266145903,0.0245808689
312.5,1.01673692,7800.4,54.8460149,112.617919,0.293159001,0.266944927,0.0236372759
313,1.01101248,7800,54.9679018,94.5967881,0.304717164,0.265455585,0.0645940156
313.5,1.00308394,7799.6,55.0921268,70.2675519,0.310562524,0.263387342,0.114274901
314,1.00241668,7799.2,55.2021934,67.3391754,0.275166469,0.263225634,0.00544780415
314.5,1.01386698,7798.8,55.3051975,103.404018,0.257510363,0.266246034,0.193956676
315,1.02279227,7798.4,55.4414317,129.700433,0.340585346,0.268603633,0.145805149
315.5,1.02397594,7798,55.5189957,134.429749,0.193910106,0.26892828,-0.0272479295
316,1.02085427,7797.6,55.6487365,124.136148,0.324352098,0.268122185,0.0363687271
316.5,1.01788968,7797.2,55.7988479,117.137087,0.375278332,0.267357265,0.0554164434
317,1.01362023,7796.8,55.9539721,102.742865,0.387810695,0.266249516,0.0751486611
317.5,1.01482686,7796.4,56.0630672,105.077027,0.272737702,0.26658014,0.00460293187
318,1.0151113,7796,56.2176075,106.106355,0.38635078,0.266668542,0.0472835659
318.5,1.01201254,7795.6,56.3172658,97.0489182,0.249145742,0.265868142,0.00776489082
319,1.00656212,7795.2,56.4363528,80.0735247,0.297717443,0.264449818,0.0580982273
319.5,0.99874341,7794.8,56.5651649,56.8133982,0.322030314,0.262409106,0.117528253
320,0.994556154,7794.4,56.6475684,42.2356462,0.206008526,0.26132236,0.00490635995
320.5,0.992514797,7794,56.7412038,35.9328304,0.234088625,0.260799372,-0.00427344153
321,0.991780065,7793.6,56.8393173,34.4742739,0.245283814,0.260619685,-0.00533992737
321.5,0.98863419,7793.2,56.9656855,25.0328124,0.315920425,0.259806347,0.038226064
322,0.993835259,7792.8,57.0834553,40.8007317,0.294424538,0.261186558,0.0555952999
322.5,0.987540299,7792.4,57.1885959,22.1196042,0.262851584,0.259545523,0.0634897482
323,0.990857879,7792,57.2850268,32.5640034,0.241077101,0.260430818,0.00944744777
323.5,0.99031276,7791.6,57.4017957,30.6509798,0.291922378,0.260300905,0.013240249
324,0.990586599,7791.2,57.5027487,31.0416018,0.252382357,0.26038625,-0.00311188004
324.5,0.987773018,7790.8,57.6443281,21.5034986,0.353948453,0.259660002,0.0506235462
325,0.992645788,7790.4,57.778062,37.084654,0.334334968,0.260954325,0.0667070103
325.5,0.995519349,7790,57.890457,45.643993,0.280987503,0.261723187,0.0205655128
326,0.994397688,7789.6,58.0115327,42.8385641,0.302689169,0.261441725,0.0185474778
326.5,0.992886392,7789.2,58.0903982,37.0591836,0.197163606,0.261057789,-0.0221829927
327,1.00052778,7788.8,58.1779564,60.5386511,0.218895494,0.263080436,0.0723906404
327.5,1.00422717,7788.4,58.2681039,72.0741517,0.225368907,0.264066721,0.00548433435
328,0.998699419,7788,58.3575856,55.2000288,0.223704082,0.262626658,0.0312968771
328.5,1.00122537,7787.6,58.460691,62.8356574,0.25776353,0.263304427,0.00758187517
329,1.00682175,7787.2,58.5633637,80.3950753,0.256681888,0.264789775,0.0444151028
329.5,1.0085698,7786.8,58.6872884,86.401202,0.309811606,0.265263131,0.0222901406
330,1.01060474,7786.4,58.8540935,93.5028278,0.417012917,0.265811995,0.0660845756
330.5,1.00910404,7786,58.9764441,88.8371403,0.305876327,0.265430911,0.0194286505
331,1.00694874,7785.6,59.0884604,81.9351491,0.280040884,0.264877597,0.0130532102
331.5,1.00380801,7785.2,59.209298,71.1881289,0.302093965,0.264064995,0.0301619675
332,1.005619,7784.8,59.3022761,76.4274259,0.23244529,0.264554994,-0.0077819417
332.5,1.00373489,7784.4,59.396507,70.4953173,0.235577305,0.264072898,-0.00594779811
333,0.99870731,7784,59.4842828,54.7937143,0.219439288,0.262763691,0.0214457999
333.5,0.99568477,7783.6,59.641945,45.7723115,0.39415568,0.261981912,0.0672271715
334,0.98853352,7783.2,59.7303696,24.5164705,0.221061452,0.260113661,0.0641995528
334.5,0.994717554,7782.8,59.7867085,43.8370664,0.140847276,0.261754324,0.0109959266
335,1.00520169,7782.4,59.875927,77.2952153,0.223046278,0.264526761,0.151757264
335.5,1.00460861,7782,59.9856588,76.3178336,0.274329345,0.264384276,0.0044976068
336,1.00931479,7781.6,60.1025059,91.2172397,0.292117787,0.265636461,0.0439960814
336.5,1.01734269,7781.2,60.2362374,114.506791,0.334328733,0.267763048,0.122325932
337,1.01538165,7780.8,60.3503428,107.891819,0.285263542,0.267260645,0.0128167443
337.5,1.01741538,7780.4,60.5309677,113.399148,0.451562154,0.267809714,0.078391073
338,1.01072686,7780,60.6337893,92.9584682,0.257054194,0.266062802,0.0634064202
338.5,1.01051176,7779.6,60.7371001,91.9009436,0.258276929,0.266019859,-0.00299266501
339,1.01467348,7779.2,60.8182239,104.386814,0.20280952,0.267129177,0.000557292323
339.5,1.01089146,7778.8,60.9093949,93.7026778,0.227927574,0.266147184,0.00632569045
340,1.0162582,7778.4,61.0020053,110.069274,0.231525818,0.267573895,0.0288009816
340.5,1.01435817,7778,61.1069901,103.672444,0.262462083,0.267087366,0.00356130411
341,1.01375307,7777.6,61.2240149,101.689719,0.292562082,0.266941766,0.010658836
341.5,1.0179799,7777.2,61.3938685,114.551919,0.424633958,0.268068563,0.0880777749
342,1.01925456,7776.8,61.5154606,118.655429,0.303980245,0.268418032,0.0163631357
342.5,1.01308439,7776.4,61.6568029,99.2760661,0.353355807,0.266806854,0.0909213292
343,1.01735044,7776,61.8101809,112.389255,0.383444873,0.267944148,0.0724994139
343.5,1.0254833,7775.6,61.9200802,137.387015,0.274748353,0.270100031,0.0989394849
344,1.02549822,7775.2,62.060564,137.118771,0.351209333,0.270117855,0.0316331153
344.5,1.02450792,7774.8,62.1736233,134.94775,0.282648257,0.269870894,0.0064255895
345,1.02493586,7774.4,62.2659524,137.188339,0.230822758,0.26999751,-0.0150181128
345.5,1.03029847,7774,62.4038564,153.117887,0.344760114,0.271424139,0.0702312391
346,1.03099384,7773.6,62.5192798,155.40684,0.288558386,0.271621306,0.00727293323
346.5,1.03102986,7773.2,62.6115904,154.132447,0.230776471,0.271644774,-0.0158507458
347,1.02244399,7772.8,62.7217578,128.047079,0.275418646,0.269396523,0.110069253
347.5,1.01826434,7772.4,62.8351686,114.829836,0.283527033,0.268309064,0.0317892471
348,1.01543647,7772,62.9505934,106.367982,0.288562045,0.267577701,0.0201593186
348.5,1.0092321,7771.6,63.0444645,87.456694,0.234677695,0.265956476,0.0454190976
349,1.00838297,7771.2,63.1371229,84.8702035,0.231646042,0.265746386,-0.0124354709
349.5,1.01540457,7770.8,63.2124876,106.364056,0.188411602,0.267610614,0.0425930587
350,1.01637304,7770.4,63.2948917,109.897726,0.206010412,0.267879645,-0.0229507928
350.5,1.01208488,7770,63.4830964,96.2093299,0.470511759,0.266763171,0.108025374
351,1.01545829,7769.6,63.6299394,106.808313,0.367107366,0.267666105,0.056162676
351.5,1.0171474,7769.2,63.7557203,111.774548,0.314452168,0.268125145,0.0224616901
352,1.01684621,7768.8,63.9185591,111.021394,0.407097124,0.268059552,0.0548310943
352.5,1.01222803,7768.4,64.0322062,96.3886454,0.284117619,0.266855854,0.0386995595
353,1.01696361,7768,64.1787145,110.997273,0.36627076,0.26811811,0.0720189475
353.5,1.01857251,7767.6,64.3239118,116.379531,0.362993308,0.268556117,0.0409251662
354,1.02182807,7767.2,64.4191509,125.839031,0.238097713,0.269428351,0.00336289148
354.5,1.02034185,7766.8,64.564189,122.076314,0.362595349,0.26905033,0.0399304616
355,1.01424069,7766.4,64.6908794,104.602198,0.316726041,0.267455313,0.0747942769
355.5,1.01825251,7766,64.8212996,117.119921,0.326050422,0.26852706,0.0465055465
356,1.01658279,7765.6,64.9295578,112.660992,0.270645445,0.268100539,0.00514332348
356.5,1.0214753,7765.2,65.0205179,125.963635,0.227400372,0.269404706,0.0189042335
357,1.0196523,7764.8,65.0789218,120.684506,0.146009682,0.268937758,-0.0433168576
357.5,1.01841364,7764.4,65.199223,117.953715,0.300752998,0.268624895,0.0148919417
358,1.01870211,7764,65.2925164,117.354216,0.233233403,0.268714829,-0.0138061
358.5,1.01771269,7763.6,65.38509,114.15613,0.231434082,0.268467669,-0.0131020528
359,1.02177122,7763.2,65.4789271,126.311277,0.234592895,0.269552178,0.0106151115
359.5,1.01779542,7762.8,65.5610978,114.025457,0.205426587,0.268517162,-0.00141516893
360,1.01295435,7762.4,65.6929749,99.1979407,0.329692905,0.26725375,0.0596304346
360.5,1.00595105,7762,65.7886583,77.2985888,0.239208479,0.265419705,0.0636827686
361,1.00312239,7761.6,65.8971558,68.71499,0.271243602,0.264687004,0.014807934
361.5,1.00387183,7761.2,65.9883074,71.4029606,0.227879181,0.264898407,-0.0138913505
362,0.999441361,7760.8,66.0539853,58.5136726,0.164194653,0.263742901,-0.00974374718
362.5,1.00294421,7760.4,66.1415443,69.8278805,0.218897505,0.264680911,0.000522994496
363,0.998155573,7760,66.2592245,56.3724557,0.294200359,0.263430749,0.0475729926
363.5,1.00404236,7759.6,66.3560703,73.3200669,0.242114695,0.264998036,0.0438947676
364,1.01127516,7759.2,66.4708151,96.1842715,0.286861968,0.266920755,0.0868383829
364.5,1.01248283,7758.8,66.5956006,98.8059317,0.311963776,0.267253292,0.019853489
365,1.01497844,7758.4,66.7091598,107.095827,0.283898027,0.267925841,0.0155985849
365.5,1.011674,7758,66.868015,96.8088418,0.39713802,0.26706733,0.0677822897
366,1.01640895,7757.6,66.9938236,112.206123,0.314521459,0.268331124,0.051618332
366.5,1.02350898,7757.2,67.1482939,132.706219,0.386175558,0.27021946,0.11957772
367,1.0233293,7756.8,67.2957233,131.551435,0.368573634,0.270185954,0.0385079488
367.5,1.02564389,7756.4,67.3837162,138.177209,0.219982131,0.270811033,-0.0119861664
368,1.02613686,7756,67.485221,139.792187,0.253762031,0.270955168,-0.00634475392
368.5,1.03044706,7755.6,67.6288971,152.589029,0.359190345,0.272107325,0.0607560326
369,1.03135111,7755.2,67.7258233,155.060443,0.242315412,0.272360104,-0.0104689049
369.5,1.03712966,7754.8,67.8715218,172.759304,0.3642462,0.273900235,0.0827080728
370,1.03566048,7754.4,67.9717446,168.220701,0.250557117,0.273526341,-0.00578047164
370.5,1.03809192,7754,68.0704288,176.159568,0.246710427,0.274182649,-0.00214323909
371,1.04129595,7753.6,68.1767877,186.269657,0.265897325,0.275043089,0.0110617307
371.5,1.03891392,7753.2,68.2930019,178.358476,0.290535476,0.27442807,0.0142666947
372,1.03945177,7752.8,68.3448936,180.788582,0.129729251,0.274584307,-0.0553287602
372.5,1.03235703,7752.4,68.455291,158.93828,0.275993568,0.272724214,0.0734832224
373,1.03176927,7752,68.5674724,158.052048,0.280453518,0.272583006,0.0035522612
373.5,1.03251062,7751.6,68.6976425,159.29962,0.325425159,0.272792939,0.0211849633
374,1.03609119,7751.2,68.8185991,170.729732,0.30239162,0.273753065,0.029445711
374.5,1.03504069,7750.8,68.908882,167.087728,0.225707024,0.273489617,-0.0168820878
375,1.02872623,7750.4,69.0199393,148.010218,0.277643444,0.271835173,0.0598967608
375.5,1.02469782,7750,69.1444021,136.339652,0.311156847,0.270784663,0.0394395829
376,1.02348166,7749.6,69.2979556,135.121906,0.383883788,0.270477242,0.0464916617
376.5,1.01881715,7749.2,69.4262548,120.901489,0.320747969,0.269258443,0.0523167973
377,1.02002647,7748.8,69.5356473,124.809341,0.273481276,0.269591964,0.00368860303
377.5,1.0205097,7748.4,69.6187813,124.747918,0.207834989,0.269733605,-0.0239146051
378,1.02145798,7748,69.811739,125.754644,0.482394289,0.269998186,0.0845010616
378.5,1.0205617,7747.6,69.9426757,122.925506,0.327341678,0.269775204,0.0237493694
379,1.01908146,7747.2,70.0768225,118.345839,0.335367079,0.269397826,0.0291339027
379.5,1.02151819,7746.8,70.2448159,127.274088,0.419983581,0.270055926,0.0674644203
380,1.01845498,7746.4,70.3156088,118.317967,0.176982066,0.269260019,-0.0223723933
380.5,1.02299802,7746,70.4357563,132.148692,0.300368818,0.270475076,0.0420737915
381,1.02505024,7745.6,70.5593269,139.115008,0.308926543,0.271031667,0.0209551755
381.5,1.02984623,7745.2,70.6511001,155.221162,0.229432997,0.272313829,0.016763452
382,1.02485371,7744.8,70.7538872,140.228292,0.256967852,0.271007695,0.0308557815
382.5,1.02357022,7744.4,70.8765936,135.001512,0.306765963,0.270682274,0.0165169659
383,1.02500918,7744,71.0267577,138.173766,0.375410233,0.271076808,0.0437478421
383.5,1.02457979,7743.6,71.1513209,137.210891,0.311408065,0.270977247,0.0160567817
384,1.02012689,7743.2,71.2852946,123.67802,0.334934255,0.269813497,0.0547186223
384.5,1.0283955,7742.8,71.3898212,149.540269,0.261316428,0.272014514,0.0956741082
385,1.03308273,7742.4,71.538544,165.15948,0.371807014,0.273268423,0.0698713699
385.5,1.02970385,7742,71.6456113,154.552738,0.267668151,0.272388723,0.0146719825
386,1.03050981,7741.6,71.7246268,155.438961,0.197538885,0.272616007,-0.0281989987
386.5,1.03438087,7741.2,71.8317775,166.587632,0.267876762,0.273654217,0.0193349031
387,1.03227829,7740.8,71.927674,159.37652,0.239741172,0.273112074,-0.00656448571
387.5,1.02060296,7740.4,72.0187414,123.816373,0.22766845,0.27003706,0.182886787
388,1.0214938,7740,72.1595178,125.898215,0.351941124,0.270286732,0.0331461337
388.5,1.01974218,7739.6,72.2577227,120.688477,0.245512132,0.269837199,-0.0050120855
389,1.01592507,7739.2,72.3458411,109.152369,0.22029598,0.268841037,0.00251875703
389.5,1.01859096,7738.8,72.4469512,116.553988,0.252775298,0.269560435,0.0039510711
390,1.02168801,7738.4,72.5546111,127.457382,0.269149726,0.270394016,0.0136582009
390.5,1.01429906,7738,72.6695418,103.405718,0.287326856,0.268452373,0.0885651323
391,1.00902095,7737.6,72.7644704,87.6037582,0.237321533,0.267069235,0.0300927698
391.5,1.00320421,7737.2,72.9135807,68.7787006,0.372775746,0.265543377,0.0941983554
392,1.00369495,7736.8,72.9996608,70.4799092,0.21520006,0.265687009,-0.0197503894
392.5,1.00278069,7736.4,73.1453568,67.4785657,0.364240046,0.265458721,0.0406817097
393,1.00279649,7736,73.2372912,67.4054197,0.229836125,0.26547663,-0.0142133269
393.5,0.995747952,7735.6,73.3117965,46.2974632,0.186263134,0.263624257,0.0455293422
394,0.997599915,7735.2,73.4550421,51.5406817,0.358114055,0.264128222,0.0429875829
394.5,0.997237961,7734.8,73.5174623,51.2982911,0.156050435,0.264046044,-0.0431128502
395,0.993470352,7734.4,73.6041164,40.3445349,0.216635398,0.263062071,0.00334520018
395.5,0.997720337,7734,73.7528088,53.0477773,0.371730878,0.264201093,0.0710630664
396,0.996660658,7733.6,73.8713363,49.3595577,0.296318824,0.263934135,0.0147351687
396.5,0.992226215,7733.2,73.9887133,35.0274005,0.293442505,0.262773404,0.0429548654
397,0.998657968,7732.8,74.0845489,55.8429881,0.239588912,0.26449042,0.0540149144
397.5,1.00341382,7732.4,74.1775517,71.1112512,0.232506992,0.265763735,0.0213601896
398,0.996971016,7732,74.3189503,51.0196852,0.353496626,0.264070957,0.0997536247
398.5,0.993127623,7731.6,74.434638,39.7974246,0.289219177,0.263066554,0.0334813897
399,0.994790614,7731.2,74.5703517,45.3401828,0.339284146,0.263520692,0.0347640837
399.5,0.992376541,7730.8,74.6921097,38.0442035,0.304395145,0.262894805,0.0258051616
400,0.98604388,7730.4,74.8125845,19.2318928,0.301186994,0.261230708,0.0792951217
