time,Lx,V,dt,events,P_impulse_proxy,P_IG,U,T,W_cum,PV_gamma(IG),T*V^(gamma-1),alpha_upper,alpha_IG,sigma_upper,sigma_IG
0.7,19.99,7996,0.2,23,0.349046981659,0.376771295742,4518.99492113,0.330046371687,1.39618792664,1204663.59038,131.974538824,0.0126636717195,0.110285543491,-0.0383753531036,-0.334203757601
1.1,19.97,7988,0.4,56,0.534633177618,0.377505490684,4523.27078937,0.330358661216,5.67325334758,1204999.03654,132.011287964,-0.00119718175218,-1.25995981188,0.00362559851161,3.81571838223
1.6,19.945,7978,0.5,71,0.556700273286,0.378433118855,4528.70913334,0.330755852566,11.2402560804,1205440.71731,132.059675428,-0.128658766851,-1.78731275025,0.389217795614,5.40696872627
2.1,19.92,7968,0.5,69,0.531737660525,0.379344830836,4533.92941816,0.331137117891,16.5576326857,1205821.56401,132.101398336,-0.0970917864474,-1.52848979622,0.293376091849,4.61854065367
2.6,19.895,7958,0.5,67,0.556372613733,0.380270644072,4539.29067828,0.331528679396,22.121358823,1206237.12715,132.146924534,-0.202466010943,-1.7656517942,0.611065221026,5.32893594761
3.1,19.87,7948,0.5,58,0.430235746319,0.381120080866,4543.71360409,0.331851709326,26.4237162862,1206400.74304,132.16484915,0.120568340166,-0.495406356687,-0.363496848009,1.49358155625
3.6,19.845,7938,0.5,77,0.548378426792,0.382063727714,4549.23280589,0.332254806156,31.9075005541,1206852.79241,132.214372525,0.0354175375297,-1.66786836885,-0.106662219701,5.02289415919
4.1,19.82,7928,0.5,67,0.466442509951,0.382933251524,4553.84222712,0.332591456845,36.5719256536,1207060.8065,132.237161098,-0.0550038691466,-0.839442830992,0.165463422772,2.52522388319
4.6,19.795,7918,0.5,55,0.442006318185,0.383795746033,4558.34207563,0.332920104852,40.9919888355,1207237.31963,132.256498644,0.079785325163,-0.586420772421,-0.239771417222,1.76231580688
5.1,19.77,7908,0.5,54,0.423589736597,0.38462000987,4562.36255708,0.333213742118,45.2278862015,1207284.54874,132.261672737,-0.215415915608,-0.393820939676,0.646764660249,1.1824078343
5.6,19.745,7898,0.5,62,0.494496990709,0.385518194098,4567.23404547,0.333569532974,50.1728561085,1207554.55718,132.291252978,-0.0734815133692,-1.09428167709,0.220405988315,3.28227092062
6.1,19.72,7888,0.5,80,0.594500783564,0.386469817817,4572.71088441,0.333969535817,56.1178639442,1207981.87767,132.338067229,-0.468168904486,-2.0850709294,1.40267117349,6.24703789451
6.6,19.695,7878,0.5,66,0.4558064245,0.387343640724,4577.23980243,0.334300306926,60.6759281892,1208156.11869,132.35715586,-0.0291462162624,-0.688999574525,0.0872288838975,2.06204000377
7.1,19.67,7868,0.5,74,0.577932923734,0.388276828185,4582.44312624,0.334680333497,66.4552574265,1208505.76174,132.395460313,-0.576005435222,-1.90122989437,1.72203917548,5.68396087864
7.6,19.645,7858,0.5,62,0.434811919821,0.389126042016,4586.62865724,0.334986025215,70.8033766247,1208584.45538,132.404081439,-0.162588193975,-0.461107314049,0.485579697592,1.37712551347
8.1,19.62,7848,0.5,61,0.40426260597,0.389943413004,4590.41385788,0.335262478665,74.8460026844,1208555.44447,132.400903207,-0.257425418778,-0.147281074978,0.768149178364,0.439481995485
8.6,19.595,7838,0.5,75,0.55902549169,0.390879139299,4595.56604073,0.335638770138,80.4362576013,1208883.89511,132.436885968,-0.438072065809,-1.68614514942,1.30592115185,5.02650770863
9.1,19.57,7828,0.5,70,0.472594343212,0.391781569229,4600.29918589,0.335984457047,85.1622010334,1209099.467,132.46050252,0.00720172331256,-0.812642656173,-0.0214457243915,2.41993612871
9.6,19.545,7818,0.5,64,0.457547135685,0.392673256876,4604.87928338,0.336318966066,89.7376723903,1209272.29015,132.479435819,0.00462613415012,-0.653199919761,-0.0137620425275,1.94316999529
10.1,19.52,7808,0.5,77,0.579021251775,0.393605473082,4609.90730074,0.336686189069,95.527884908,1209560.14881,132.510971605,-0.762195161672,-1.85882181316,2.2650499951,5.52394524464
10.6,19.495,7798,0.5,53,0.422754596069,0.394443920784,4613.81054141,0.336971263614,99.7554308687,1209550.44377,132.509908389,-0.324305290292,-0.287301371374,0.96281957247,0.852959824698
11.1,19.47,7788,0.5,70,0.545130640788,0.395356126439,4618.55026906,0.337317431278,105.206737277,1209757.65188,132.532608663,-0.711578756441,-1.50230897267,2.11060562584,4.45598149293
11.6,19.445,7778,0.5,67,0.48647675518,0.396300260248,4623.63513632,0.337688806333,110.071504828,1210052.61783,132.564923075,0.220099708349,-0.906488619558,-0.65214125762,2.68586738625
12.1,19.42,7768,0.5,72,0.558643753689,0.397279091907,4629.0959789,0.338087640878,115.657942365,1210443.17028,132.607709277,-0.125594957805,-1.61854401107,0.371705638228,4.79017585697
12.6,19.395,7758,0.5,61,0.429386274675,0.398176524284,4633.58021309,0.338415148488,119.951805112,1210575.67592,132.622225671,0.190371449918,-0.31658735624,-0.562810539471,0.935952848139
13.1,19.37,7748,0.5,73,0.491025648234,0.399021699274,4637.43018897,0.33869633282,124.862061594,1210540.15629,132.618334388,-1.06028060983,-0.924267758567,3.13177560594,2.73003126984
13.6,19.345,7738,0.5,67,0.546954456226,0.399968272793,4642.4317423,0.339061623014,130.331606157,1210802.80454,132.647108297,-0.467991224797,-1.47459768717,1.38099810048,4.35139912259
14.1,19.32,7728,0.5,82,0.591816902803,0.400907072893,4647.31478897,0.339418258032,136.249775185,1211031.87434,132.672203587,-1.03512235822,-1.91379522633,3.05129860778,5.64142071062
14.6,19.295,7718,0.5,48,0.36955729401,0.401770786801,4651.30039879,0.339709348436,139.945348125,1211024.63913,132.671410947,0.290036878007,0.317813879109,-0.854145451444,-0.935947459895
15.1,19.27,7708,0.5,72,0.527010086269,0.402716234111,4656.20509879,0.340067564913,145.215448987,1211254.24939,132.696565446,-0.365400867554,-1.24766871313,1.07506112779,3.67081814232
15.6,19.245,7698,0.5,69,0.505929330963,0.403659130035,4661.05197452,0.340421558174,150.274742297,1211466.1703,132.719782022,-0.212417578723,-1.02741942002,0.624308520199,3.01964979355
16.1,19.22,7688,0.5,54,0.347592108581,0.404529157517,4665.03024448,0.34071211251,153.750663383,1211449.8889,132.717998346,0.502348879538,0.565017852304,-1.47503757679,-1.65905130409
16.6,19.195,7678,0.5,77,0.536341375543,0.405513895746,4670.30353731,0.341097249292,159.114077138,1211767.36982,132.752779341,-0.0901209261532,-1.31320168248,0.264358136459,3.85210809956
17.1,19.17,7668,0.5,79,0.516692991542,0.406463655207,4675.14496219,0.341450844449,164.281007054,1211970.06185,132.774984866,-0.325505036361,-1.1070451136,0.953793701412,3.24385965986
17.6,19.145,7658,0.5,70,0.492833095899,0.407365243626,4679.40455353,0.341761945189,169.209338013,1212019.41192,132.780391314,-0.668739618845,-0.859189123132,1.95763202618,2.51514355751
18.1,19.12,7648,0.5,68,0.487651212275,0.408409527862,4685.27410363,0.34219062983,174.085850136,1212483.01646,132.831180594,0.993037974182,-0.797641864931,-2.90382114331,2.3324478745
18.6,19.095,7638,0.5,69,0.538210356061,0.409389336652,4690.37363002,0.34256307552,179.467953696,1212744.41468,132.859817559,-0.282577168876,-1.29311236252,0.825339583176,3.77686853658
19.1,19.07,7628,0.5,84,0.562541807459,0.410362849547,4695.37172452,0.342928113096,185.093371771,1212976.84588,132.8852811,-0.627323578594,-1.5266602183,1.83028925539,4.45420814638
19.6,19.045,7618,0.5,58,0.428350824756,0.411346905187,4700.46108557,0.343299816358,189.376880018,1213230.1136,132.913027344,0.805852810223,-0.174962609695,-2.34864474509,0.509925644776
20.1,19.02,7608,0.5,69,0.510948522909,0.412325993788,4705.46424111,0.343665223569,194.486365247,1213458.3867,132.938035353,-0.106329688879,-0.9911238291,0.309563610079,2.88551460844
20.6,18.995,7598,0.5,65,0.470362295959,0.4133093919,4710.48713949,0.344032072706,199.189988207,1213689.01963,132.963301887,0.319275416073,-0.575449146057,-0.928534742837,1.67355360905
21.1,18.97,7588,0.5,66,0.469456437948,0.414301047097,4715.57451806,0.344403631176,203.884552586,1213933.51344,132.990086924,0.392814187247,-0.556515345375,-1.14117900926,1.61675329225
21.6,18.945,7578,0.5,65,0.468199159724,0.415224273126,4719.85431262,0.344716207466,208.566544184,1213967.52327,132.993812804,-0.402197032607,-0.53436773229,1.16727747499,1.55087026182
22.1,18.92,7568,0.5,80,0.620316912823,0.416249376027,4725.26291665,0.345111226749,214.769713312,1214289.20588,133.029054106,-0.79456509529,-2.04580425363,2.3036633682,5.93135080503
22.6,18.895,7558,0.5,65,0.532904276374,0.417278389889,4730.68510617,0.345507238254,220.098756076,1214611.45672,133.06435766,0.0931467559485,-1.16140732273,-0.269748814052,3.36338334864
23.1,18.87,7548,0.5,69,0.513305315832,0.418299691154,4735.98910325,0.345894617532,225.231809234,1214900.45976,133.096018817,0.170943916311,-0.955166078265,-0.494484979699,2.76298384296
23.6,18.845,7538,0.5,78,0.549305497444,0.419318149458,4741.23031592,0.346277411329,230.724864208,1215170.4939,133.125601873,-0.251842303215,-1.30496906781,0.727687027832,3.77064953047
24.1,18.82,7528,0.5,83,0.580931858005,0.42034085541,4746.48893929,0.346661476723,236.534182788,1215442.1351,133.155360989,-0.550695207925,-1.61102687175,1.58944812427,4.64983824555
24.6,18.795,7518,0.5,75,0.549298833471,0.421446393782,4752.65098268,0.347111523713,242.027171123,1215942.05018,133.210128197,0.669055053218,-1.28405600721,-1.92874341549,3.7016603598
25.1,18.77,7508,0.5,63,0.434187306462,0.422434325184,4757.45537023,0.347462413835,246.369044188,1216091.64979,133.226517286,0.46251448295,-0.122472542978,-1.33179337129,0.352655164144
25.6,18.745,7498,0.5,66,0.522278125418,0.42348191386,4762.90108518,0.347860143528,251.591825442,1216402.37833,133.260558538,0.222933702833,-0.993203517353,-0.641238229572,2.85681373871
26.1,18.72,7488,0.5,72,0.593067643742,0.424600258904,4769.11010801,0.348313621677,257.522501879,1216904.92154,133.315613666,0.2783463866,-1.69026955369,-0.799646296692,4.85588408574
26.6,18.695,7478,0.5,75,0.546896280012,0.425627360441,4774.26210207,0.348689899362,262.991464679,1217134.68593,133.34078505,-0.316968739468,-1.21782800268,0.909518330682,3.4944672901
27.1,18.67,7468,0.5,49,0.361850372876,0.426595043871,4778.71768144,0.349015314157,266.609968408,1217184.24143,133.346214004,0.837075646788,0.642605368295,-2.3995109412,-1.84205408199
27.6,18.645,7458,0.5,68,0.487751524707,0.42765755398,4784.20505638,0.349416086501,271.487483655,1217493.85908,133.380133554,0.609859685674,-0.606255780275,-1.74636960795,1.73604960975
28.1,18.62,7448,0.5,59,0.382753007769,0.428710390612,4789.55248391,0.349806637738,275.315013733,1217764.91153,133.40982817,1.51989745933,0.454306199955,-4.3473914867,-1.29946062737
28.6,18.595,7438,0.5,58,0.474647753697,0.429756156737,4794.78944071,0.350189120706,280.06149127,1218004.97967,133.43612836,0.490479259966,-0.454148188313,-1.40137780565,1.2975741148
29.1,18.57,7428,0.5,65,0.473768349962,0.43073811531,4799.28408079,0.350517388313,284.79917477,1218053.77454,133.441473985,-0.243043423404,-0.43521512196,0.693709621005,1.24221800813
29.6,18.545,7418,0.5,61,0.469776978746,0.431747270232,4804.05187587,0.350865605892,289.496944557,1218169.29544,133.454129649,0.0700252964472,-0.38534599802,-0.199677770992,1.09881762519
30.1,18.52,7408,0.5,64,0.430227848952,0.432778624248,4809.03607265,0.351229628444,293.799223047,1218336.97526,133.472499481,0.681918288371,0.0203477135706,-1.94252362079,-0.057962830612
30.6,18.495,7398,0.5,65,0.511306967768,0.433822772124,4814.13130226,0.351601760317,298.912292724,1218529.99313,133.493645172,-0.0178400676355,-0.780066039194,0.0507662802794,2.21978144878
31.1,18.47,7388,0.5,69,0.497146611746,0.434918713323,4819.76918104,0.352013524762,303.883758842,1218857.42084,133.529515868,0.66641266703,-0.627762377568,-1.89425295659,1.7843909616
31.6,18.445,7378,0.5,68,0.540568896409,0.435996306,4825.1711185,0.352408057151,309.289447806,1219122.16656,133.558519562,-0.00375150245098,-1.05111741549,0.0106512990156,2.98434188412
32.1,18.42,7368,0.5,71,0.558228448403,0.4370587601,4830.37341663,0.35278800881,314.87173229,1219333.55303,133.581677588,-0.379986358117,-1.21701259026,1.07767577404,3.45155808152
32.6,18.395,7358,0.5,65,0.534443446431,0.438142834709,4835.78246669,0.35318306067,320.216166754,1219594.20718,133.610233039,0.0646155927647,-0.968430063024,-0.18305450622,2.74354036558
33.1,18.37,7348,0.5,76,0.540297070398,0.439264363125,4841.57181036,0.353605887406,325.619137458,1219947.71266,133.648960633,0.386372969589,-1.01593854244,-1.09331921684,2.87480030696
33.6,18.345,7338,0.5,73,0.607513159339,0.44042801946,4847.79121019,0.354060123444,331.694269052,1220406.33344,133.699203926,0.144268238892,-1.67667381662,-0.407729738833,4.73860208324
34.1,18.32,7328,0.5,69,0.51370511646,0.441527523942,4853.27054317,0.354460308441,336.831320216,1220675.46695,133.728688316,0.342281812144,-0.727277095342,-0.96618755576,2.05294600583
34.6,18.295,7318,0.5,64,0.45324810834,0.442576101911,4858.15787068,0.354817256111,341.3638013,1220792.82438,133.741545178,0.354846422633,-0.111966259543,-1.00058549817,0.315719163101
35.1,18.27,7308,0.5,70,0.479538987932,0.443629664382,4863.06838095,0.355175896944,346.159191179,1220913.25784,133.754739027,0.115120396441,-0.36436437674,-0.324285934154,1.02638842409
35.6,18.245,7298,0.5,79,0.665463165993,0.444841694238,4869.68202683,0.355658926879,352.813822839,1221458.13005,133.814431425,-0.0409857845857,-2.21227933977,0.115317323272,6.22445402399
36.1,18.22,7288,0.5,76,0.569429097566,0.445946310444,4875.08506577,0.356053539714,358.508113814,1221696.0838,133.840499978,-0.291252033699,-1.24035459465,0.818454213941,3.48554972089
36.6,18.195,7278,0.5,70,0.547195272657,0.447059005907,4880.54316749,0.356452174079,363.980066541,1221944.83539,133.867751467,-0.0138510043435,-1.00692983232,0.038879700402,2.82644703846
37.1,18.17,7268,0.5,63,0.487683032113,0.448121981016,4885.42583704,0.356808781554,368.856896862,1222046.63148,133.878903536,0.00583922538517,-0.400928742055,-0.0163733212622,1.12421334405
37.6,18.145,7258,0.5,72,0.477137408517,0.449161970701,4890.02637502,0.357144783451,373.628270947,1222075.16486,133.882029454,-0.170836106509,-0.284957537255,0.47856363462,0.798252298812
38.1,18.12,7248,0.5,67,0.474464006912,0.450226321804,4894.86057065,0.357497850617,378.372911016,1222159.41075,133.891258846,0.0895555683861,-0.247701956211,-0.250630354577,0.693219084342
38.6,18.095,7238,0.5,58,0.473539296548,0.451307092805,4899.84110659,0.357861605798,383.108303982,1222277.42419,133.904187576,0.245142968265,-0.227729336062,-0.685370036188,0.636685051185
39.1,18.07,7228,0.5,90,0.700426650733,0.452580732225,4906.88029878,0.358375715657,390.112570489,1222905.69426,133.973016461,0.0349256850734,-2.4848322734,-0.0975254542794,6.93857245067
39.6,18.045,7218,0.5,93,0.647270976018,0.453794244375,4913.23028385,0.358839489034,396.585280249,1223358.60042,134.022633701,-0.122724693094,-1.94083923853,0.342225575506,5.41215307716
40.1,18.02,7208,0.5,82,0.620666621345,0.455012784445,4919.59822542,0.359304573869,402.791946463,1223812.53103,134.072363172,0.161275354828,-1.66263545521,-0.449144853127,4.63036747387
40.6,17.995,7198,0.5,74,0.520057358246,0.456119457647,4924.72178421,0.359678774774,407.992520045,1223953.73827,134.087832852,-0.0770147878794,-0.644915943918,0.214232465953,1.79396628624
41.1,17.97,7188,0.5,70,0.554300953051,0.457265381163,4930.2353397,0.360081459224,413.535529576,1224188.89889,134.113595409,-0.0294540434944,-0.976089158929,0.0818440422328,2.71226198065
41.6,17.945,7178,0.5,75,0.565643228043,0.458411696395,4935.71873509,0.360481940921,419.191961856,1224413.51163,134.138202414,-0.173036891282,-1.07805070746,0.480282210412,2.99224386707
42.1,17.92,7168,0.5,79,0.583031140579,0.459570756402,4941.30477283,0.360889919138,425.022273262,1224660.50857,134.165261675,-0.244273661168,-1.24040303364,0.677247546496,3.43901142344
42.6,17.895,7158,0.5,79,0.597789066049,0.460786186088,4947.46128002,0.36133956179,431.000163923,1225045.65508,134.20745564,0.17861653144,-1.37611023811,-0.494625423516,3.81072851344
43.1,17.87,7148,0.5,73,0.587640282991,0.461975910656,4953.30571406,0.36176641207,436.876566752,1225350.22995,134.240822738,-0.0319687957352,-1.26259643171,0.0884207761818,3.49214769993
43.6,17.845,7138,0.5,80,0.641380914317,0.463196688391,4959.4469426,0.36221493884,443.290375896,1225724.92763,134.281872001,-0.272580602739,-1.78795045075,0.753004486638,4.93921686933
44.1,17.82,7128,0.5,80,0.613530681711,0.464407832637,4965.44854656,0.36265326808,449.425682713,1226061.77963,134.318775157,-0.13370285739,-1.49728842872,0.368902529076,4.13120182242
44.6,17.795,7118,0.5,73,0.546546079559,0.46556766066,4970.86591287,0.36304892732,454.891143508,1226251.19919,134.339526642,-0.0480944811085,-0.815587172872,0.132546053776,2.24771863181
45.1,17.77,7108,0.5,59,0.412700813837,0.466628573461,4975.19385025,0.363365019738,459.018151647,1226169.0807,134.330530313,0.200929236,0.533969797994,-0.553208640373,-1.47015293458
45.6,17.745,7098,0.5,92,0.672347605087,0.467833920295,4981.02774938,0.363791100597,465.741627698,1226455.22799,134.361878614,-0.889576921209,-2.05116772042,2.44672882846,5.64161577702
46.1,17.72,7088,0.5,72,0.550986392529,0.469013575206,4986.5523316,0.364194590388,471.251491623,1226662.04588,134.384536139,0.0147182938163,-0.825630395428,-0.0404356678945,2.26825995525
46.6,17.695,7078,0.5,79,0.685988124236,0.470238328182,4992.52033031,0.364630465257,478.111372865,1226974.73991,134.418792716,-0.891882531884,-2.16362597972,2.44745299294,5.93729856831
47.1,17.67,7068,0.5,85,0.576290102512,0.471357607048,4997.33334992,0.364981985825,483.87427389,1227000.54351,134.421619578,-0.949881410846,-1.05492489331,2.60379715131,2.89174038009
47.6,17.645,7058,0.5,67,0.486464294494,0.472539199064,5002.77250049,0.365379236086,488.738916835,1227177.16156,134.440968619,0.574507622846,-0.145162844698,-1.57321502186,0.397509726264
48.1,17.62,7048,0.5,100,0.754835855925,0.47387057499,5009.7597188,0.365889550015,496.287275395,1227730.09303,134.501543934,-0.561140248105,-2.81631474968,1.53470313179,7.70254331434
48.6,17.595,7038,0.5,88,0.624847246575,0.475168719006,5016.35616654,0.366371323878,502.53574786,1228183.56125,134.551222748,0.347975277766,-1.5032807583,-0.950413411865,4.10586120849
49.1,17.57,7028,0.5,85,0.679369821624,0.476436409144,5022.59262519,0.366826805813,509.329446077,1228545.36409,134.590859343,-0.5572395635,-2.03567708237,1.52002450888,5.55287036323
49.6,17.545,7018,0.5,78,0.566580667226,0.477724315251,5029.00386665,0.367295053071,514.995252749,1228946.43211,134.634797558,0.745434779051,-0.895007698268,-2.03082027876,2.43830826568
50.1,17.52,7008,0.5,86,0.661567791477,0.478985030568,5035.09064133,0.367739602785,521.610930664,1229264.75388,134.66967067,-0.5289032319,-1.83213561152,1.43912461184,4.98516796977
50.6,17.495,6998,0.5,73,0.520823079039,0.48015748134,5040.21308163,0.368113722,526.819161454,1229344.484,134.678405346,-0.0857904901607,-0.412522042847,0.233172800261,1.12120725409
51.1,17.47,6988,0.5,79,0.614649214884,0.481486307191,5046.93947198,0.368604986268,532.965653603,1229812.11805,134.72963607,0.579898199663,-1.33827813436,-1.57427303842,3.63307764373
51.6,17.445,6978,0.5,66,0.536688460319,0.482702056259,5052.44242286,0.369006896207,538.332538206,1229978.22815,134.747833934,0.136066281224,-0.545946859187,-0.368937335356,1.48030928503
52.1,17.42,6968,0.5,87,0.638773671784,0.48397298035,5058.48559062,0.369448261073,544.720274924,1230272.60311,134.780083601,-0.344568962954,-1.55436598261,0.933215672089,4.20977758036
52.6,17.395,6958,0.5,67,0.495074265245,0.485171066,5063.73041584,0.369831318715,549.671017576,1230369.62379,134.79071251,0.294082574277,-0.105026358804,-0.795592309912,0.284131637544
53.1,17.37,6948,0.5,96,0.748252172079,0.486531085989,5070.62697818,0.370335011553,557.153539297,1230864.58708,134.844937234,-0.585959384112,-2.624016078,1.5833181277,7.09034164538
53.6,17.345,6938,0.5,88,0.630268634632,0.487861911366,5077.17891158,0.370813534296,563.456225643,1231272.19479,134.889591892,0.249247055663,-1.43072621971,-0.672596760957,3.86083526095
54.1,17.32,6928,0.5,67,0.488067813244,0.489141080714,5083.15411078,0.371249935056,568.336903776,1231536.45051,134.918541905,1.09452106841,0.00433237342388,-2.94993922655,-0.0116765576067
54.6,17.295,6918,0.5,84,0.629192806039,0.490382894641,5088.70329769,0.371655221859,574.628831836,1231694.23587,134.935827769,-0.742741149125,-1.39431236694,1.9995584691,3.75367529479
55.1,17.27,6908,0.5,91,0.708892795609,0.49164290891,5094.40382212,0.372071561651,581.717759792,1231885.45577,134.956776486,-1.38840352995,-2.17880323428,3.73363864456,5.85914957641
55.6,17.245,6898,0.5,91,0.706792851833,0.4930176663,5101.25379321,0.37257185168,588.785688311,1232351.12253,135.007791689,-0.217957431196,-2.14463079079,0.585400816805,5.76015513571
56.1,17.22,6888,0.5,80,0.639338624677,0.494337813208,5107.49828607,0.373027920396,595.179074557,1232666.88627,135.042384561,-0.148893388791,-1.45661355017,0.399392259407,3.90722638264
56.6,17.195,6878,0.5,78,0.551140224416,0.495639828778,5113.5161135,0.373467434524,600.690476802,1232924.50385,135.070607346,0.506425190466,-0.561518588009,-1.35680734549,1.50441281197
57.1,17.17,6868,0.5,66,0.438571228719,0.496920452423,5119.27450086,0.373888000355,605.076189089,1233116.23632,135.091612217,1.37267507472,0.577084728289,-3.67341966262,-1.54433807893
57.6,17.145,6858,0.5,78,0.580949966813,0.498243118235,5125.42695728,0.374337347157,610.885688757,1233399.52511,135.122647361,0.342956748899,-0.833686492244,-0.916720477431,2.22843691413
58.1,17.12,6848,0.5,85,0.609507948368,0.499553813816,5131.41677552,0.374774815624,616.980768241,1233640.25292,135.149019821,-0.105261241102,-1.10609940055,0.28102932066,2.95309422408
58.6,17.095,6838,0.5,76,0.563182871097,0.500840534446,5137.12136182,0.375191452075,622.612596952,1233809.08676,135.167516078,0.0727575841142,-0.629861367226,-0.194028951028,1.67970585973
59.1,17.07,6828,0.5,94,0.733690315709,0.502273018159,5144.28025198,0.375714304118,629.949500109,1234323.60976,135.223883628,-0.178012992698,-2.32134089686,0.474128720496,6.18277560857
59.6,17.045,6818,0.5,75,0.565459223071,0.503567173614,5149.98148455,0.376130695629,635.604092339,1234484.77995,135.24154031,0.0466403335071,-0.625395696371,-0.124069012956,1.6636293294
60.1,17.02,6808,0.5,84,0.701322125313,0.504928392387,5156.32874306,0.37659426987,642.617313592,1234797.39268,135.27578798,-0.665962742692,-1.97074831524,1.76947164826,5.23630384423
60.6,16.995,6798,0.5,76,0.537510775278,0.506196622206,5161.68695663,0.376985608869,647.992421345,1234869.81972,135.283722581,-0.0168941775556,-0.319486911718,0.0448371248551,0.847917840516
61.1,16.97,6788,0.5,66,0.508012223992,0.507500494373,5167.37003371,0.377400674387,653.072543585,1235016.78205,135.299822749,0.602954839372,-0.0116411137521,-1.59853076005,0.0308624745982
61.6,16.945,6778,0.5,81,0.557383897081,0.508803494145,5173.00512498,0.377812235245,658.646382556,1235149.02328,135.314310175,0.0612522954767,-0.492323468117,-0.162211992659,1.30380045637
62.1,16.92,6768,0.5,77,0.581635540626,0.510122602626,5178.76466185,0.378232885032,664.462737962,1235307.70472,135.331694206,-0.0568185283368,-0.721729460225,0.150304596414,1.90922324837
62.6,16.895,6758,0.5,88,0.709211971267,0.511499581482,5185.07125749,0.378693489445,671.554857675,1235593.44346,135.36299775,-0.785524081377,-1.98401373001,2.0755627175,5.24228986307
63.1,16.87,6748,0.5,108,0.797002603795,0.512898897113,5191.56263657,0.379167589583,679.524883713,1235919.60604,135.398729846,-1.47864694964,-2.84803873613,3.90215829934,7.5159915582
63.6,16.845,6738,0.5,73,0.602522902712,0.514290646355,5197.93556271,0.379633038468,685.55011274,1236213.94058,135.430975086,0.347697106615,-0.889286327746,-0.916438636873,2.34392617737
64.1,16.82,6728,0.5,91,0.686828090181,0.515810246404,5205.55700671,0.380189673291,692.418393642,1236801.30929,135.495323104,0.753163096016,-1.71778249702,-1.98247060626,4.52153501187
64.6,16.795,6718,0.5,85,0.657819917634,0.517192450954,5211.74832827,0.380641858623,698.996592818,1237045.03265,135.522023735,-0.386877614969,-1.41319060609,1.01698628077,3.71485814353
65.1,16.77,6708,0.5,93,0.765914578317,0.518712590934,5219.28608998,0.381192381681,706.655738601,1237604.50004,135.583315079,-0.121384075488,-2.47962658916,0.318662693448,6.50962232459
65.6,16.745,6698,0.5,84,0.643144362285,0.520102625028,5225.47107366,0.381644104123,713.087182224,1237839.34977,135.609043577,-0.246459939106,-1.23737248699,0.646167150346,3.24413556513
66.1,16.72,6688,0.5,80,0.628292453539,0.521537097152,5232.06015863,0.382125340244,719.37010676,1238166.3003,135.644861996,0.306160432102,-1.07473118569,-0.801709034997,2.81428170141
66.6,16.695,6678,0.5,86,0.70149516486,0.523044042655,5239.33217527,0.382656454519,726.385058408,1238650.98158,135.697960296,0.257064997915,-1.79205178134,-0.672257105688,4.6864394357
67.1,16.67,6668,0.5,100,0.744998456815,0.52455960769,5246.64519611,0.383190563549,733.835042976,1239141.29733,135.751675869,-0.136963729987,-2.21197219977,0.357679084089,5.77653799673
67.6,16.645,6658,0.5,76,0.575142251549,0.525982906581,5252.99128803,0.383654052587,739.586465492,1239399.40131,135.77995194,0.594669401495,-0.498715071243,-1.5509514939,1.30069393655
68.1,16.62,6648,0.5,90,0.613867114567,0.527411031521,5259.34280633,0.384117937944,745.725136637,1239655.16448,135.807971569,0.212847157545,-0.871706602893,-0.554454083164,2.27074343332
68.6,16.595,6638,0.5,85,0.651756757576,0.528856026667,5265.81945753,0.384590962425,752.242704213,1239936.76667,135.83882194,-0.0409163792806,-1.236237543,0.106454808214,3.21639971231
69.1,16.57,6628,0.5,90,0.662114636119,0.530359883787,5272.83796461,0.38510356154,758.863850574,1240342.14229,135.883232065,0.397360716764,-1.32507251152,-1.03251537952,3.44311274216
69.6,16.545,6618,0.5,85,0.731922597558,0.531821996173,5279.39695601,0.385582599767,766.18307655,1240635.58504,135.915379606,-0.760234571358,-2.00832193059,1.97287718277,5.21177628824
70.1,16.52,6608,0.5,72,0.500075422637,0.533291072845,5285.98111404,0.386063476047,771.183830776,1240931.20108,135.947765236,1.58340380344,0.324805727465,-4.10396385874,-0.8418515629
70.6,16.495,6598,0.5,89,0.669561576229,0.534776502683,5292.68304705,0.386552954064,777.879446539,1241250.68758,135.982765949,0.00631724761574,-1.35528338465,-0.0163528689516,3.50829553147
71.1,16.47,6588,0.5,80,0.618968292881,0.536252671393,5299.24889871,0.387032493333,784.069129467,1241534.48244,136.013856533,0.376168730951,-0.834542470267,-0.972533111157,2.1575960951
71.6,16.445,6578,0.5,86,0.740334539358,0.537721091115,5305.69400604,0.387503213996,791.472474861,1241786.26836,136.041440443,-0.958238066623,-2.0334819185,2.47435478457,5.25084098579
72.1,16.42,6568,0.5,86,0.681590344295,0.539203383568,5312.23173491,0.387980699307,798.288378304,1242056.01485,136.070991986,-0.278174566781,-1.43128649494,0.717421888471,3.6913376806
72.6,16.395,6558,0.5,77,0.582528175108,0.540657542124,5318.44824187,0.388434724063,804.113660055,1242246.98957,136.091913844,0.391225208336,-0.425982325842,-1.00777289209,1.0973051617
73.1,16.37,6548,0.5,78,0.581333322799,0.542126258594,5324.76411191,0.388896005836,809.926993283,1242457.55522,136.114981948,0.502536811338,-0.399419518354,-1.29298068893,1.02766944105
73.6,16.345,6538,0.5,90,0.732992016238,0.543701841919,5332.0839637,0.389430613767,817.256913445,1242898.50229,136.163289033,-0.0100683743512,-1.90078577426,0.0258718489066,4.88428823168
74.1,16.32,6528,0.5,87,0.646613143294,0.545189533603,5338.49591304,0.389898912726,823.723044878,1243123.9091,136.18798303,-0.0541820924727,-1.02167995703,0.139047965285,2.62194597354
74.6,16.295,6518,0.5,99,0.738573582967,0.546762370152,5345.69569298,0.390424751167,831.108780708,1243528.88514,136.23234938,-0.185955889032,-1.92598235946,0.476612199878,4.93636794211
75.1,16.27,6508,0.5,67,0.515640493914,0.548156582273,5351.10455615,0.390819789377,836.265185647,1243513.60342,136.230675222,0.252458229423,0.31818508584,-0.646297583716,-0.814559511976
75.6,16.245,6498,0.5,74,0.603501517659,0.549732203573,5358.23978823,0.391340913543,842.300200824,1243895.86436,136.272553063,1.10021690292,-0.545577278705,-2.81327583657,1.39505162217
76.1,16.22,6488,0.5,104,0.828221322509,0.551366896082,5365.90263267,0.391900572062,850.582414049,1244396.42941,136.327391478,-0.619368779243,-2.77672423677,1.5815525368,7.09034004915
76.6,16.195,6478,0.5,85,0.755367106891,0.553045190952,5373.94012048,0.39248759279,858.136085118,1244979.47904,136.391266327,0.483816737297,-2.03161751129,-1.23361559742,5.18013300641
77.1,16.17,6468,0.5,95,0.708851054457,0.554625593677,5380.97750986,0.39300157098,865.224595662,1245326.58277,136.42929259,-0.0511211668361,-1.55016262813,0.130163900901,3.94699939764
77.6,16.145,6458,0.5,89,0.721325083522,0.556171003049,5387.62850653,0.393487328844,872.437846498,1245580.33643,136.457092072,-0.562254161204,-1.65927356717,1.42978282676,4.2194456083
78.1,16.12,6448,0.5,96,0.777436704172,0.557772214772,5394.77286127,0.394009119287,880.212213539,1245944.19472,136.496953847,-0.630012301347,-2.20465708689,1.60003845819,5.59915436348
78.6,16.095,6438,0.5,83,0.700236833838,0.559382020044,5401.95216756,0.394533462428,887.214581878,1246312.03896,136.537252297,0.176937950073,-1.41660334746,-0.448772087078,3.59296601176
79.1,16.07,6428,0.5,76,0.629476654444,0.560952536131,5408.70435338,0.395026610676,893.509348422,1246577.34351,136.566317212,0.457419273599,-0.693099616956,-1.15866870472,1.7556602482
79.6,16.045,6418,0.5,105,0.859706849275,0.562569709706,5415.85859534,0.395549123235,902.106416915,1246931.31784,136.60509617,-1.4428265353,-2.97946346501,3.6500653218,7.53745235834
80.1,16.02,6408,0.5,84,0.679771443494,0.564211616791,5423.2020606,0.396085455784,908.90413135,1247324.71843,136.648194394,0.545750826989,-1.16381418514,-1.37879481633,2.94028132673
80.6,15.995,6398,0.5,93,0.70823740763,0.565831337407,5430.28334509,0.396602639869,915.986505426,1247653.69141,136.684234379,-0.00108958453902,-1.43216548571,0.00274908768025,3.61344012496
81.1,15.97,6388,0.5,79,0.601167793045,0.56743978657,5437.20803491,0.397108387008,921.998183357,1247942.65501,136.715891215,0.913011892923,-0.345328382281,-2.30061536757,0.87016148343
81.6,15.945,6378,0.5,83,0.679595388977,0.569029756867,5443.90768394,0.397597698214,928.794137246,1248176.02442,136.741457539,-0.0963048603819,-1.11361208432,0.242365982022,2.80257595866
82.1,15.92,6368,0.5,93,0.770777856642,0.570755714704,5451.85858686,0.398178395184,936.501915813,1248692.08756,136.797993817,0.243124346558,-2.00885822113,-0.611037070792,5.04880264135
82.6,15.895,6358,0.5,97,0.75215448392,0.572415822335,5459.12969761,0.398709443296,944.023460652,1249048.1171,136.836997929,-0.250434088732,-1.8056935764,0.628530331721,4.53186380619
83.1,15.87,6348,0.5,86,0.672933488196,0.574109876418,5466.67424325,0.399260461821,950.752795534,1249462.46746,136.882391264,0.815210759308,-0.996713070065,-2.04321179052,2.49812195591
83.6,15.845,6338,0.5,81,0.654168481068,0.575794189456,5474.07535916,0.399801004905,957.294480345,1249839.75906,136.9237247,0.859431098282,-0.792171057885,-2.15110134594,1.98275374517
84.1,15.82,6328,0.5,85,0.678197304079,0.577424529249,5480.91363163,0.400300440522,964.076453385,1250084.43126,136.950529279,0.0562994363676,-1.01588557326,-0.140730745306,2.53939192102
84.6,15.795,6318,0.5,106,0.84287932764,0.579152049394,5488.6239721,0.40086356793,972.505246662,1250523.81473,136.998665067,-0.718452806677,-2.6459172779,1.79352242262,6.60518258429
85.1,15.77,6308,0.5,83,0.658239999028,0.580740907828,5494.97046987,0.401327086611,979.087646652,1250648.3858,137.012312204,-0.235902222045,-0.782940989834,0.588145026895,1.95200725763
85.6,15.745,6298,0.5,100,0.890981580765,0.582548049294,5503.33142169,0.401937731645,987.99746246,1251227.20778,137.075723902,-0.548863994393,-3.09337858038,1.36658292986,7.70201435462
86.1,15.72,6288,0.5,81,0.633635178076,0.584230430162,5510.46141729,0.402458473363,994.33381424,1251521.73275,137.107990004,0.793643826239,-0.50246583543,-1.97326596346,1.2492993684
86.6,15.695,6278,0.5,97,0.811620483533,0.585958496073,5517.97115752,0.403006949863,1002.45001908,1251898.27575,137.149241428,-0.606464605644,-2.26526700571,1.50587371762,5.62474052985
87.1,15.67,6268,0.5,97,0.743918939653,0.587702640018,5525.58022145,0.403562680503,1009.88920847,1252293.00465,137.192485172,0.169874529689,-1.57089062841,-0.421227190546,3.89523872278
87.6,15.645,6258,0.5,71,0.506914990365,0.589273677745,5531.51201299,0.403995910969,1014.95835838,1252303.63173,137.1936494,0.86264163881,0.815726095235,-2.1364187018,-2.02022764379
88.1,15.62,6248,0.5,105,0.944745875462,0.591145618946,5540.21674076,0.404631663801,1024.40581713,1252937.79538,137.263123946,-0.742730983628,-3.54537029098,1.83701621563,8.76885825218
88.6,15.595,6238,0.5,79,0.636362756103,0.592800345142,5546.8328295,0.405114872151,1030.76944469,1253095.19648,137.280367712,0.252461172832,-0.443903886534,-0.623556042844,1.09640206367
89.1,15.57,6228,0.5,95,0.768412137368,0.594549970437,5554.28582382,0.405659204194,1038.45356607,1253437.552,137.317873795,-0.231127047868,-1.74737665975,0.570139215377,4.3103910466
89.6,15.545,6218,0.5,103,0.866117235093,0.596393587889,5562.56299424,0.406263730225,1047.11473842,1253961.38159,137.375260911,-0.38400193147,-2.70646221392,0.945907339703,6.66679582307
90.1,15.52,6208,0.5,102,0.907194222257,0.598180808047,5570.25968454,0.406825860688,1056.18668064,1254349.77281,137.417810343,-1.37525192804,-3.09907737117,3.38278079908,7.62296653605
90.6,15.495,6198,0.5,86,0.655929579452,0.599925689992,5577.50913985,0.407355327188,1062.74597643,1254633.11496,137.448851332,0.690159524938,-0.568770061243,-1.69534628217,1.3971584451
91.1,15.47,6188,0.5,97,0.828689504336,0.601687923484,5584.86730578,0.407892733405,1071.03287148,1254936.65086,137.482104608,-0.928729121213,-2.27883385017,2.27839639517,5.5905287245
91.6,15.445,6178,0.5,100,0.832176000724,0.603471137769,5592.36703371,0.408440478652,1079.35463148,1255267.671,137.518368865,-0.822032075554,-2.29597172312,2.01396210129,5.62508468161
92.1,15.42,6168,0.5,96,0.763312144165,0.60527690725,5600.02194588,0.408999557835,1086.98775293,1255629.12238,137.557966957,0.0217907292739,-1.58938840162,-0.0533145632738,3.88869722715
92.6,15.395,6158,0.5,101,0.812441251037,0.607215835304,5608.8526707,0.409644512906,1095.11216544,1256249.4841,137.625929459,0.706312312459,-2.06195715972,-1.72556630581,5.03749366401
93.1,15.37,6148,0.5,103,0.812450525519,0.609137406982,5617.46516718,0.410273529593,1103.23667069,1256816.00211,137.68799322,0.487991227542,-2.04274720218,-1.19034147866,4.98280827179
93.6,15.345,6138,0.5,100,0.802560733093,0.610948363027,5625.00157839,0.410823954016,1111.26227802,1257137.10693,137.723171224,-0.489196129599,-1.92518563262,1.19156650548,4.68929858159
94.1,15.32,6128,0.5,100,0.812549293484,0.612819688373,5633.03857552,0.411410938908,1119.38777096,1257565.56636,137.770110249,-0.0884957981526,-2.00666031563,0.215256732387,4.88099041502
94.6,15.295,6118,0.5,96,0.708363264401,0.614671924296,5640.84424926,0.411981029014,1126.4714036,1257937.79134,137.810888622,0.72204109685,-0.946182026365,-1.75382108395,2.29825420511
95.1,15.27,6108,0.5,100,0.8450419019,0.616538383615,5648.72467068,0.412556578344,1134.92182262,1258322.12681,137.852993734,-0.569997600312,-2.29437501967,1.38258727128,5.56524044311
95.6,15.245,6098,0.5,104,0.796947068176,0.618336509732,5655.92405452,0.413082387856,1142.8912933,1258550.33694,137.877994844,-0.770086842635,-1.79510317267,1.8654324085,4.34839741378
96.1,15.22,6088,0.5,100,0.758748292545,0.620167204261,5663.36690931,0.413625979353,1150.47877623,1258828.40983,137.90845857,-0.144628139141,-1.39497154958,0.349889138365,3.37476093121
96.6,15.195,6078,0.5,124,0.981387673488,0.622061931272,5671.33862741,0.414208196568,1160.29265296,1259219.52939,137.951306901,-1.8421586339,-3.60273875975,4.4505498504,8.7040106933
97.1,15.17,6068,0.5,90,0.750992144904,0.62403429322,5679.96013689,0.414837871523,1167.80257441,1259750.12497,138.00943525,1.11158803065,-1.27944869602,-2.68160738815,3.08655633326
97.6,15.145,6058,0.5,89,0.822143342954,0.625972375423,5688.21097547,0.415440474399,1176.02400784,1260193.63842,138.05802349,0.0294051526752,-1.97140810965,-0.0708320355929,4.74878844988
98.1,15.12,6048,0.5,84,0.588631914662,0.627823488991,5695.61469213,0.41598120743,1181.91032699,1260444.89674,138.085549599,1.51739751131,0.382652911977,-3.65012735288,-0.920478549791
98.6,15.095,6038,0.5,106,0.814393132692,0.629783972385,5703.95343789,0.416590230638,1190.05425831,1260898.47188,138.135240127,0.194814434196,-1.855902183,-0.467982506458,4.45824129471
99.1,15.07,6028,0.5,94,0.733396843398,0.631689338958,5711.73500286,0.417158559952,1197.38822675,1261224.17528,138.170921919,0.447596535036,-1.026609534,-1.07369639414,2.46263513804
99.6,15.045,6018,0.5,97,0.843805183261,0.633634155781,5719.81552424,0.417748723652,1205.82627858,1261611.24709,138.213326806,-0.35753045502,-2.11144232386,0.856455470067,5.05790850152
100.1,15.02,6008,0.5,96,0.752732098593,0.635592303274,5727.9578371,0.418343400314,1213.35359957,1262007.21009,138.256705751,0.614991882611,-1.18119674233,-1.47111033577,2.82551816593
100.6,14.995,5998,0.5,94,0.764737655822,0.637481521802,5735.42125165,0.418888493401,1221.00097612,1262249.00326,138.283194924,-0.183962013658,-1.28201488321,0.439452952137,3.06250847068
101.1,14.97,5988,0.5,99,0.852865945918,0.639420201602,5743.27225078,0.419461893864,1229.52963558,1262571.57004,138.318533089,-0.677660323997,-2.14415867233,1.61665178257,5.11518502265
101.6,14.945,5978,0.5,123,0.950624181364,0.641402569532,5751.456841,0.420059658267,1239.0358774,1262962.76454,138.36138963,-1.32165160119,-3.10213613359,3.148582899,7.39024775652
102.1,14.92,5968,0.5,96,0.862626334841,0.643500554101,5760.61696031,0.420728670779,1247.66214075,1263563.14262,138.427162864,0.533855964152,-2.20175694393,-1.26989385011,5.23736324082
102.6,14.895,5958,0.5,94,0.809550365332,0.645484001947,5768.6905254,0.421318326424,1255.7576444,1263920.1794,138.466277322,-0.0219385606695,-1.65058899795,0.0521076869637,3.92042012723
103.1,14.87,5948,0.5,104,0.796301960758,0.647457046192,5776.61176612,0.421896857006,1263.72066401,1264239.12938,138.501219257,-0.04177888933,-1.49832237556,0.0990942529286,3.55383158415
103.6,14.845,5938,0.5,95,0.835372533368,0.649387255672,5784.09228627,0.422443199406,1272.07438934,1264457.05346,138.525093499,-0.873205186098,-1.86951145815,2.06837323296,4.42833771523
104.1,14.82,5928,0.5,105,0.89967222759,0.651375157029,5792.0278963,0.423022779455,1281.07111162,1264769.88387,138.559365017,-1.06111224101,-2.49291829221,2.51012404411,5.89714631822
104.6,14.795,5918,0.5,105,0.922897996879,0.65351901956,5801.28833663,0.423699118948,1290.30009159,1265366.98662,138.624779428,0.0314603584306,-2.70451855442,-0.0743109596904,6.3882097759
105.1,14.77,5908,0.5,119,0.912433107928,0.655659458734,5810.4541233,0.424368545377,1299.42442266,1265938.11326,138.687348078,0.0414555881404,-2.57844808104,-0.097764812607,6.08076027305
105.6,14.745,5898,0.5,101,0.809929733738,0.657799568929,5819.55278632,0.425033069407,1307.52372,1266489.31921,138.747734357,0.9993656831,-1.53201154846,-2.35310521126,3.60727251231
106.1,14.72,5888,0.5,99,0.839567380537,0.659875713765,5828.02230397,0.425651643585,1315.91939381,1266898.47582,138.7925587,0.0738438469219,-1.80730611135,-0.173610377133,4.24906215839
106.6,14.695,5878,0.5,100,0.779038832965,0.662033946867,5837.15330953,0.426318529764,1323.70978214,1267446.2829,138.852572623,1.34061722878,-1.1808494714,-3.14709897298,2.77204415916
107.1,14.67,5868,0.5,96,0.808550617235,0.664109015604,5845.48755535,0.426927224317,1331.79528831,1267815.96984,138.893072945,0.248739647085,-1.45480000491,-0.583043386727,3.41003749027
107.6,14.645,5858,0.5,104,0.86088235999,0.666146272507,5853.42729652,0.427507106085,1340.40411191,1268095.26525,138.923670601,-0.66908242929,-1.95755545283,1.56614125974,4.58210861427
108.1,14.62,5848,0.5,107,0.95144018445,0.668301749977,5862.3429508,0.428158264008,1349.91851375,1268581.00702,138.976885081,-0.598747562049,-2.84217103681,1.39948999451,6.64318350643
108.6,14.595,5838,0.5,107,0.938501816069,0.670495682875,5871.53069493,0.428829294108,1359.30353191,1269120.33742,139.035970357,-0.197274029398,-2.6910406272,0.460389482973,6.28023266316
109.1,14.57,5828,0.5,98,0.822201173414,0.672775509425,5881.4035034,0.429550358121,1367.52554365,1269802.21095,139.110671665,1.65079672967,-1.50566622113,-3.84630909034,3.50815916295
109.6,14.545,5818,0.5,110,0.86134065406,0.675029475723,5890.98223464,0.430249944102,1376.13895019,1270414.95815,139.177799972,0.965324700917,-1.87439174947,-2.24546257642,4.36006301608
110.1,14.52,5808,0.5,108,0.875209919929,0.677069733532,5898.63151853,0.430808612221,1384.89104939,1270606.52081,139.198786241,-1.10281530541,-1.99161133368,2.56153381745,4.62596026497
110.6,14.495,5798,0.5,82,0.675643667309,0.679108108853,5906.20322269,0.431361614278,1391.64748606,1270776.77178,139.21743775,0.815267488911,0.0244443969669,-1.89119842893,-0.0567043403161
111.1,14.47,5788,0.5,105,0.905988547376,0.681231798571,5914.4544752,0.431964247385,1400.70737154,1271088.47954,139.251586277,-0.808632970304,-2.25819475269,1.87329722463,5.23138447014
111.6,14.445,5778,0.5,104,0.828013832147,0.68341475576,5923.15568818,0.432599743513,1408.98750986,1271491.84974,139.295776702,0.421074656808,-1.45691485364,-0.974074010116,3.37028807348
112.1,14.42,5768,0.5,101,0.817356255917,0.685508434191,5931.01897262,0.433174041237,1417.16107242,1271710.39736,139.319719255,-0.310278114219,-1.32895511796,0.716764863258,3.06998234727
112.6,14.395,5758,0.5,108,0.936401083393,0.687748517398,5940.08394477,0.433836104643,1426.52508325,1272181.56233,139.371336802,-0.299038687637,-2.49773583263,0.689815889832,5.76172226934
113.1,14.37,5748,0.5,89,0.806292688251,0.689866884369,5948.03227703,0.434416613864,1434.58801013,1272408.50636,139.396199207,-0.114594623878,-1.17485852921,0.26396605835,2.70625937395
113.6,14.345,5738,0.5,108,0.986631923296,0.692228270836,5958.00872708,0.435145247377,1444.45432937,1273064.00392,139.468010946,0.110130825509,-2.95585432526,-0.253301876307,6.79849118738
114.1,14.32,5728,0.5,100,0.822772834701,0.6944985132,5967.13122541,0.435811512227,1452.68205771,1273531.43468,139.5192194,0.894769983528,-1.29410434821,-2.05468290742,2.97168449281
114.6,14.295,5718,0.5,114,0.967316560686,0.696909123874,5977.38955547,0.436560732944,1462.35522332,1274235.60284,139.59636315,0.585164444833,-2.71613870392,-1.34154759754,6.22701769561
115.1,14.27,5708,0.5,100,0.785004492552,0.699169052194,5986.28542489,0.437210445873,1470.20526824,1274643.70055,139.641071489,1.04582449702,-0.869663791851,-2.39381779206,1.99059848376
115.6,14.245,5698,0.5,93,0.823892951591,0.701429152801,5995.11496899,0.437855314709,1478.44419776,1275032.39831,139.683654503,0.590614584672,-1.23594820252,-1.34987474377,2.82481216428
116.1,14.22,5688,0.5,118,0.961112441928,0.703751780323,6004.41018972,0.4385341944,1488.05532218,1275514.7527,139.736497886,-0.315903689627,-2.58523000586,0.72092074664,5.89972832625
116.6,14.195,5678,0.5,124,1.06239840385,0.706107146363,6013.91456557,0.439228349808,1498.67930622,1276035.98101,139.793600023,-1.11960818677,-3.57469992902,2.55105026788,8.14502726872
117.1,14.17,5668,0.5,102,0.814692032564,0.708316652926,6022.10818318,0.43982677353,1506.82622654,1276273.80336,139.819654181,0.0466972816199,-1.07481050063,-0.106244262459,2.44537679628
117.6,14.145,5658,0.5,113,1.01501618062,0.710752927883,6032.16009894,0.440560918707,1516.97638835,1276900.02638,139.888258806,-0.098246042504,-3.0548251436,0.223188132615,6.93972705556
118.1,14.12,5648,0.5,92,0.858536647774,0.713145415366,6041.76795898,0.441262632119,1525.56175483,1277426.46089,139.945931299,1.02249355978,-1.46588551351,-2.31904343861,3.32466855107
118.6,14.095,5638,0.5,114,0.969012935377,0.715514631612,6051.10723955,0.441944729736,1535.25188418,1277890.49053,139.996767149,-0.350848786269,-2.54683960254,0.794487911722,5.76725175205
119.1,14.07,5628,0.5,109,0.928678150015,0.717872407909,6060.27886757,0.442614582791,1544.53866568,1278313.59903,140.043119964,-0.115153479212,-2.11985663763,0.260363499839,4.79302316445
119.6,14.045,5618,0.5,107,0.865311180545,0.720225432727,6069.33972159,0.443276345427,1553.19177749,1278707.88918,140.086315642,0.40774221385,-1.4626328541,-0.920524639913,3.30206080119
120.1,14.02,5608,0.5,108,0.892474451106,0.722563881066,6078.20736752,0.443923997044,1562.116522,1279056.09104,140.124462209,-0.0570985750451,-1.71080802449,0.12871630524,3.85664419319
120.6,13.995,5598,0.5,107,0.960549083373,0.725027290552,6088.05415876,0.44464316088,1571.72201283,1279604.75207,140.184569683,0.241300407472,-2.36754619587,-0.543122498553,5.32890772467
121.1,13.97,5588,0.5,105,0.853460192528,0.72730939116,6096.3073167,0.445245933151,1580.25661476,1279813.02083,140.207386156,-0.281443987022,-1.27292804515,0.632537220448,2.86086896376
121.6,13.945,5578,0.5,120,1.0478834994,0.729823096779,6106.42985075,0.445985235959,1590.73544975,1280408.21915,140.272591931,-0.356300944714,-3.19318418436,0.799570205943,7.16578211139
122.1,13.92,5568,0.5,106,0.854396854292,0.732170328011,6115.08657955,0.446617483169,1599.27941829,1280690.44396,140.303510512,0.112760250952,-1.23401143484,-0.252654957319,2.7649735059
122.6,13.895,5558,0.5,124,0.955528914084,0.734661185083,6124.87030004,0.44733204061,1608.83470744,1281203.15397,140.359679445,0.228431351951,-2.22114287799,-0.511060962335,4.96928029806
123.1,13.87,5548,0.5,120,1.06810555586,0.737183379335,6134.84008283,0.448060187177,1619.51576299,1281748.90663,140.419468299,-0.711272770443,-3.32184430056,1.58874010377,7.41986404946
123.6,13.845,5538,0.5,118,0.97639885423,0.739567044957,6143.58344245,0.4486987615,1629.27975154,1282032.8,140.450569676,-1.02062891465,-2.38024664683,2.27626145501,5.30855398843
124.1,13.82,5528,0.5,108,0.965622152334,0.742138822664,6153.81511753,0.449446035461,1638.93597306,1282621.57686,140.515071961,0.575453556198,-2.24770414975,-1.28142713323,5.0052155451
124.6,13.795,5518,0.5,134,1.01387390392,0.744610895361,6163.1443809,0.450127401468,1649.0747121,1283016.41722,140.558327916,-0.80947567192,-2.70500139218,1.79968780466,6.01396457728
125.1,13.77,5508,0.5,99,0.822592076076,0.747029468556,6171.95746921,0.45077106845,1657.30063286,1283298.30317,140.589209374,0.587167551373,-0.767729363453,-1.30351548144,1.70436378591
125.6,13.745,5498,0.5,128,1.09889364752,0.749627282466,6182.1761985,0.45151739691,1668.28956933,1283866.72595,140.651481809,-0.770207190994,-3.50566479314,1.70723049349,7.77060757778
126.1,13.72,5488,0.5,114,0.891520065505,0.752120709761,6191.45768276,0.452195273354,1677.20476999,1284234.65467,140.691789513,0.366283604178,-1.40647170907,-0.810619605613,3.11265240679
126.6,13.695,5478,0.5,126,1.14251649676,0.754666556065,6201.09509118,0.452899144842,1688.62993496,1284670.69479,140.739559026,-1.78775654161,-3.89124010091,3.95043103939,8.59852855719
127.1,13.67,5468,0.5,116,1.0438569805,0.757355374495,6211.82878161,0.45368308367,1699.06850476,1285327.76242,140.811542772,0.295120619656,-2.87847300644,-0.651062000498,6.35016420113
127.6,13.645,5458,0.5,104,0.881483779307,0.760072230944,6222.71135474,0.454477896197,1707.88334256,1286009.22772,140.886199356,2.06773533514,-1.22771285886,-4.55367579313,2.70373399889
128.1,13.62,5448,0.5,118,1.03327058533,0.762801503951,6233.61389029,0.455274166688,1718.21604841,1286688.36001,140.960600352,0.56982969741,-2.71835034169,-1.25271427383,5.97602457326
128.6,13.595,5438,0.5,107,0.912577542901,0.765300671257,6242.55757544,0.455927371855,1727.34182384,1286957.1874,140.990051205,-0.182090274697,-1.48527541468,0.399670691926,3.26003710892
129.1,13.57,5428,0.5,117,0.941700178949,0.767976089957,6252.86132443,0.456679909759,1736.75882563,1287500.57193,141.049580623,0.88674719601,-1.75063046544,-1.9433270233,3.83654722181
129.6,13.545,5418,0.5,111,0.875995693357,0.77052589432,6262.06394314,0.45735202623,1745.51878256,1287811.32329,141.083624374,0.442661776812,-1.06745824568,-0.968591488727,2.33571323637
130.1,13.52,5408,0.5,125,1.12437864029,0.773291380153,6272.9396758,0.458146339162,1756.76256896,1288460.09947,141.154699766,-0.3680537367,-3.5247133366,0.804051106182,7.70009749846
130.6,13.495,5398,0.5,133,1.14660852361,0.776026754036,6283.48862743,0.458916785527,1768.2286542,1289035.35109,141.217720321,-0.917133606382,-3.71950749238,2.00015371176,8.11178073187
131.1,13.47,5388,0.5,121,1.07978880054,0.778776727703,6294.0735133,0.459689856361,1779.02654221,1289611.63693,141.280854177,-0.213002138726,-3.02388361606,0.463750486907,6.58363107378
131.6,13.445,5378,0.5,100,0.848406153645,0.781315922819,6302.87554938,0.46033271614,1787.51060374,1289816.72736,141.303322454,0.317974547978,-0.683609265694,-0.691232057738,1.48607063811
132.1,13.42,5368,0.5,146,1.17350938598,0.784051650275,6313.18388801,0.46108558925,1799.2456976,1290324.22771,141.358920652,-1.42675523079,-3.90826875809,3.09686756264,8.48315848563
132.6,13.395,5358,0.5,131,1.07040831276,0.786740574998,6323.03400126,0.46180499571,1809.94978073,1290731.96145,141.403589116,-0.853969877832,-2.85013425541,1.85064165081,6.17653772151
133.1,13.37,5348,0.5,123,1.11449385325,0.789646169237,6334.54156962,0.462645454982,1821.09471926,1291471.6105,141.484619906,0.362629821108,-3.26301925958,-0.78453057346,7.05937080161
133.6,13.345,5338,0.5,105,0.896414219607,0.792397162462,6344.72407983,0.463389138171,1830.05886146,1291934.59395,141.535341143,1.21836802156,-1.05393828951,-2.63136610785,2.27623956449
134.1,13.32,5328,0.5,99,0.877876659899,0.795105225917,6354.48096553,0.464101735724,1838.83762806,1292304.83202,141.575901843,0.978119098647,-0.841266946014,-2.10917244833,1.81407056326
134.6,13.295,5318,0.5,131,1.12915325296,0.797843000214,6364.39361271,0.464825709371,1850.12916059,1292700.73028,141.619273694,-1.37888535204,-3.32680392166,2.96876867903,7.1626776434
135.1,13.27,5308,0.5,150,1.30874278527,0.800891542442,6376.69846092,0.465724398256,1863.21658844,1293575.84621,141.71514529,-0.782579641765,-5.09377094989,1.68197206223,10.9478703149
135.6,13.245,5298,0.5,112,0.985133862551,0.803714141615,6387.11628341,0.466485267559,1873.06792706,1294061.35094,141.768333801,0.566483867615,-1.82832344777,-1.21535720641,3.92255844328
136.1,13.22,5288,0.5,131,1.1762502831,0.806609247687,6398.02455266,0.467281956811,1884.8304299,1294639.76106,141.83170038,-0.854233588244,-3.71089981065,1.82964997261,7.94823316519
136.6,13.195,5278,0.5,131,1.12096694787,0.809564936239,6409.3256002,0.468107332764,1896.04009937,1295290.95523,141.90304067,0.0913780683186,-3.12881306608,-0.195379761853,6.68986292862
137.1,13.17,5268,0.5,138,1.22669112829,0.812544789203,6420.72892428,0.468940178519,1908.30701066,1295955.99,141.975897239,-0.863587203345,-4.15637735547,1.8432090005,8.87122009381
137.6,13.145,5258,0.5,124,1.11253840032,0.815529364331,6432.08009648,0.469769215343,1919.43239466,1296603.64858,142.046850195,0.225788193073,-2.98502791492,-0.481060900316,6.35985521065
138.1,13.12,5248,0.5,110,0.859334800618,0.818317978042,6441.79912315,0.470479047849,1928.02574267,1296915.86553,142.081054505,1.12567866112,-0.424123945161,-2.3944285891,0.902153105227
138.6,13.095,5238,0.5,113,0.934509022841,0.821138597732,6451.68596238,0.471201136604,1937.37083289,1297255.80718,142.118296142,0.541749008675,-1.14782025179,-1.15060084649,2.43781332716
139.1,13.07,5228,0.5,124,1.07488861738,0.824053295534,6462.22594358,0.47197092781,1948.11971907,1297720.79935,142.16923744,-0.208904978646,-2.52294046919,0.442983812875,5.3499049948
139.6,13.045,5218,0.5,118,1.03687890121,0.826817312691,6471.49910643,0.472648196496,1958.48850808,1297925.26493,142.191637262,-1.09562616112,-2.11444826844,2.31972047343,4.47682714447
140.1,13.02,5208,0.5,119,1.06495104476,0.829697665414,6481.59816222,0.473385784562,1969.13801853,1298289.34842,142.231523709,-0.550454659097,-2.36694887688,1.16371012061,5.00394050165
140.6,12.995,5198,0.5,127,1.1043398172,0.832755210841,6492.99237893,0.474217965157,1980.1814167,1298906.28288,142.299110745,0.350818536649,-2.73114885236,-0.740432985314,5.76432681523
141.1,12.97,5188,0.5,107,0.859845658959,0.835685038976,6503.30097331,0.474970856946,1988.77987329,1299299.40492,142.342178453,1.71013779261,-0.25626902924,-3.60336690191,0.539974814859
141.6,12.945,5178,0.5,141,1.16111446918,0.838852811081,6515.36978366,0.475852306724,2000.39101798,1300037.38389,142.423026281,0.457665663549,-3.23847158115,-0.962672515849,6.81193244947
142.1,12.92,5168,0.5,146,1.25495048649,0.842003684639,6527.21256332,0.47671724827,2012.94052285,1300723.0417,142.498142167,-0.706725210696,-4.14523825137,1.48382909571,8.70327679409
142.6,12.895,5158,0.5,156,1.46202582789,0.845432550087,6541.11164003,0.47773237219,2027.56078113,1301810.77237,142.617306351,-0.721181570761,-6.18309631155,1.5111988214,12.9563597261
143.1,12.87,5148,0.5,120,1.08045053995,0.848634933748,6553.1589584,0.478612252294,2038.36528653,1302522.20502,142.695245949,1.24281297799,-2.33418425783,-2.59909021534,4.88147096366
143.6,12.845,5138,0.5,132,1.02723210576,0.851731189347,6564.2922763,0.479425378053,2048.63760758,1303044.9099,142.752509849,0.860996835048,-1.7705054877,-1.79741757062,3.69610844422
144.1,12.82,5128,0.5,121,1.07412421289,0.854756030173,6574.78338409,0.480191599773,2059.37884971,1303433.46635,142.795077383,-0.250134332038,-2.20882029447,0.52132118922,4.60354567606
144.6,12.795,5118,0.5,120,1.1082062063,0.85784248815,6585.65678153,0.480985742151,2070.46091177,1303891.20287,142.845223803,-0.20866462795,-2.51908428842,0.434185490749,5.24166390228
145.1,12.77,5108,0.5,137,1.13453454627,0.861105967159,6597.79392037,0.481872182323,2081.80625724,1304592.10628,142.92200989,0.79179338079,-2.75061983222,-1.6446733431,5.71344901943
145.6,12.745,5098,0.5,117,1.04419940826,0.864224086005,6608.72158568,0.482670288174,2092.24825132,1305046.79529,142.971822446,0.485671228818,-1.81535882594,-1.00704996135,3.7641864023
146.1,12.72,5088,0.5,157,1.37509548387,0.867662734991,6622.00199345,0.483640227392,2105.99920616,1305958.7209,143.071726655,-0.470547066413,-5.0915392911,0.973904472387,10.5381017987
146.6,12.695,5078,0.5,125,1.09692543645,0.870814603199,6632.99483257,0.484443093234,2116.96846052,1306412.11026,143.12139683,0.0235847466869,-2.27688289219,-0.0487246214956,4.70389860807
147.1,12.67,5068,0.5,128,1.11670455494,0.874052731903,6644.54886792,0.48528694624,2128.13550607,1306969.07496,143.182413996,0.386989809261,-2.44272492288,-0.798139262492,5.03794834325
147.6,12.645,5058,0.5,143,1.29044223111,0.87738937691,6656.75320261,0.486178294085,2141.03992838,1307646.674,143.25664702,-0.700087620965,-4.14722882055,1.44130246128,8.53808998696
148.1,12.62,5048,0.5,122,1.09392195605,0.880625233556,6668.09426848,0.48700659279,2151.97914794,1308147.46123,143.311509775,0.401846308557,-2.14916238736,-0.825837544286,4.41676071287
148.6,12.595,5038,0.5,127,1.19736792896,0.883877746064,6679.464127,0.487836994376,2163.95282723,1308646.87213,143.366221749,-0.603820771185,-3.15118037459,1.23880544353,6.46499687964
149.1,12.57,5028,0.5,121,1.1186494899,0.887132366516,6690.75230826,0.488661430636,2175.13932213,1309123.26071,143.418411559,0.101686363211,-2.33146027147,-0.208267336857,4.77514394649
149.6,12.545,5018,0.5,140,1.18350174474,0.890461100327,6702.50070216,0.489519478686,2186.97433958,1309682.56809,143.479685374,-0.0866235481888,-2.94706675831,0.177111508441,6.02560677729
150.1,12.52,5008,0.5,129,1.13407821699,0.893718929541,6713.61659871,0.490331332071,2198.31512175,1310111.1928,143.526642506,-0.224885622164,-2.41989785287,0.459020127749,4.93931897857
150.6,12.495,4998,0.5,117,1.0480302137,0.896948633055,6724.42390201,0.49112064724,2208.79542389,1310472.74199,143.566251314,0.327001162936,-1.52697981197,-0.666362022452,3.1116750369
151.1,12.47,4988,0.5,158,1.38466199131,0.900465624016,6737.28379888,0.492059874298,2222.6420438,1311226.98761,143.648881202,-0.986723040347,-4.85956714515,2.00720624287,9.88540158942
151.6,12.445,4978,0.5,138,1.35649470052,0.904088923401,6750.83199103,0.493049371241,2236.2069908,1312107.15046,143.745305704,-0.0167548573535,-4.5421939747,0.0340162422175,9.22170611081
152.1,12.42,4968,0.5,154,1.23791609039,0.907657980392,6763.86726988,0.494001407382,2248.58615171,1312879.52616,143.829921797,0.656117942719,-3.32044531695,-1.32945124391,6.72801316581
152.6,12.395,4958,0.5,135,1.24144549927,0.911082852008,6775.72317039,0.494867307215,2261.0006067,1313415.3169,143.888619292,-0.558554484032,-3.32076803634,1.12968380087,6.71629709246
153.1,12.37,4948,0.5,142,1.30062814795,0.914596468685,6788.13499058,0.495773808836,2274.00688818,1314051.35521,143.958299212,-0.594461287929,-3.87790297437,1.20015468427,7.82907737532
153.6,12.345,4938,0.5,139,1.24560088623,0.918025619263,6799.81576188,0.496626918045,2286.46289704,1314538.40013,144.011656456,-0.775237563204,-3.29291551807,1.56234783431,6.63626180206
154.1,12.32,4928,0.5,134,1.08402204541,0.921596289491,6812.43977192,0.497548917026,2297.3031175,1315200.25015,144.084164126,1.78378958687,-1.64212947543,-3.58847906767,3.3034990743
154.6,12.295,4918,0.5,161,1.41330773381,0.925203337073,6825.22501759,0.498482691907,2311.43619484,1315885.3884,144.159223094,-1.34783167033,-4.89909809318,2.70640340776,9.8372341786
155.1,12.27,4908,0.5,141,1.2275770944,0.928865108126,6838.30492602,0.499437987586,2323.71196578,1316619.36799,144.239632777,0.804137490392,-3.00544814601,-1.61162606792,6.02342091465
155.6,12.245,4898,0.5,163,1.46412465264,0.932467872458,6850.84145895,0.500353597644,2338.35321231,1317240.81432,144.307714101,-2.10471359991,-5.3346002723,4.2103046895,10.6714246271
156.1,12.22,4888,0.5,135,1.14163653332,0.936252466009,6864.60308078,0.501358682499,2349.76957764,1318089.71115,144.400713316,2.34525649523,-2.07278434359,-4.68249524683,4.13848244586
156.6,12.195,4878,0.5,140,1.19188469486,0.939878217158,6877.08891495,0.502270589757,2361.68842459,1318685.5412,144.4659883,0.56698722326,-2.53821225337,-1.12987382679,5.05806740304
157.1,12.17,4868,0.5,140,1.35103124447,0.943602899916,6890.18837518,0.503227313408,2375.19873703,1319391.09786,144.543284166,-0.410852207692,-4.09292661632,0.817211465879,8.14109428462
157.6,12.145,4858,0.5,121,1.08730608858,0.947166633023,6902.00325484,0.504090217268,2386.07179792,1319842.90155,144.592780626,0.941818766115,-1.41923110048,-1.86995408584,2.81784255166
158.1,12.12,4848,0.5,144,1.31265377538,0.950965698993,6915.42256308,0.505070301131,2399.19833567,1320593.64889,144.675027267,0.292770489678,-3.63589652542,-0.580225810147,7.2057843309
158.6,12.095,4838,0.5,152,1.36212238003,0.954742596328,6928.56702155,0.506030311244,2412.81955947,1321283.68567,144.750622882,-0.476765329578,-4.09270238483,0.943062092423,8.09553932564
159.1,12.07,4828,0.5,139,1.20765420356,0.958383893423,6940.61615617,0.506910323997,2424.89610151,1321756.96847,144.802472444,-0.0274074173262,-2.51092804114,0.0541145578974,4.95770029118
159.6,12.045,4818,0.5,145,1.23328461766,0.962069792426,6952.87838986,0.507805900516,2437.22894768,1322263.18032,144.857929483,-0.0706124861259,-2.73059659711,0.139176814995,5.38199061204
160.1,12.02,4808,0.5,151,1.36622955695,0.965937971511,6966.34465054,0.508789413565,2450.89124325,1322990.33165,144.93759111,-0.196034891613,-4.02227757564,0.385669477121,7.91323257136
160.6,11.995,4798,0.5,147,1.29733396921,0.969531962946,6977.72153733,0.509620328464,2463.86458295,1323312.87297,144.972926486,-1.59645290409,-3.29600775551,3.1351878094,6.47285197595
161.1,11.97,4788,0.5,144,1.37996410208,0.973521902173,6991.8343014,0.510651059115,2477.66422397,1324146.27425,145.064228117,0.313123057664,-4.08439378355,-0.613803467344,8.0064850064
161.6,11.945,4778,0.5,162,1.49799381455,0.977485694456,7005.63997217,0.511659361099,2492.64416211,1324912.87133,145.148211145,-1.17426738143,-5.22492180369,2.2972814484,10.2217911514
162.1,11.92,4768,0.5,145,1.28609138433,0.981403349462,7018.99675535,0.512634878422,2505.50507596,1325586.11719,145.221967264,0.495869342123,-3.06648959921,-0.968216598299,5.98751702566
162.6,11.895,4758,0.5,150,1.41454436496,0.985404299863,7032.83048812,0.513645229924,2519.65051961,1326340.9625,145.30466285,-0.311710879243,-4.31142726001,0.607457704204,8.40204779367
163.1,11.87,4748,0.5,161,1.45811833303,0.989280240253,7045.65387108,0.514581790175,2534.23170294,1326896.91723,145.365569372,-1.75780037446,-4.70778092071,3.41909002603,9.15708462953
163.6,11.845,4738,0.5,136,1.27523064959,0.993222653692,7058.83339979,0.515544361655,2546.98400943,1327511.76031,145.43292729,0.427222211048,-2.83981297023,-0.829456101641,5.51352465945
164.1,11.82,4728,0.5,146,1.18610203414,0.997093179303,7071.38482762,0.516461059569,2558.84502977,1328000.35735,145.486454573,0.690407487304,-1.90946121993,-1.33799197776,3.70048680105
164.6,11.795,4718,0.5,141,1.32466832375,1.00111711259,7084.90580583,0.517448568933,2572.09171301,1328662.81081,145.559028354,0.274294974186,-3.25565345674,-0.530597581499,6.29775246693
165.1,11.77,4708,0.5,153,1.39572604635,1.00534218058,7099.72647923,0.518531001988,2586.04897347,1329560.16485,145.657336201,0.863412935947,-3.92498803885,-1.66685320866,7.57734640532
165.6,11.745,4698,0.5,163,1.4176426881,1.00956188087,7114.38257447,0.519601415021,2600.22540035,1330417.54888,145.751265215,0.479668364681,-4.10193040287,-0.924098615595,7.90251866845
166.1,11.72,4688,0.5,185,1.72299453293,1.01387910348,7129.59785568,0.520712668396,2617.45534568,1331370.23645,145.855635018,-2.01466412536,-7.11276536473,3.87318437282,13.6742652591
166.6,11.695,4678,0.5,159,1.39368458453,1.01799659695,7143.28212081,0.521712103477,2631.39219153,1332028.00391,145.927695433,-0.252580713585,-3.77748965674,0.484602285748,7.24750554413
167.1,11.67,4668,0.5,173,1.52647302877,1.0222539265,7157.82199337,0.522774028146,2646.65692182,1332836.46579,146.016264876,-0.724857724972,-5.06350156346,1.38797003239,9.6956798375
167.6,11.645,4658,0.5,153,1.30440908001,1.02655115428,7172.51291493,0.52384698473,2659.70101262,1333663.9213,146.106915129,1.6468307582,-2.80008965561,-3.1469476304,5.35072317708
168.1,11.62,4648,0.5,154,1.37220337781,1.03049888468,7184.638224,0.524732560911,2673.4230464,1334005.82221,146.144371408,-1.59672470682,-3.43680371804,3.04550038852,6.55516070732
168.6,11.595,4638,0.5,158,1.32795628293,1.03463336422,7197.94431487,0.525704375904,2686.70260922,1334558.81941,146.204953924,0.0265280421333,-2.95392365147,-0.0505085859104,5.62418084882
169.1,11.57,4628,0.5,156,1.36155453766,1.03877095532,7211.14797182,0.526668709598,2700.3181546,1335084.38083,146.262530766,-0.411888428351,-3.24854577647,0.782780240251,6.17375305626
169.6,11.545,4618,0.5,160,1.53315465612,1.04329204805,7226.88401684,0.52781799714,2715.64970116,1336069.68934,146.370474292,0.404498460525,-4.92125816498,-0.767194992484,9.33394064341
170.1,11.52,4608,0.5,164,1.39889993889,1.04753864493,7240.58711377,0.528818807608,2729.63870055,1336669.90766,146.436230024,-0.28590246424,-3.53486894213,0.541155604188,6.69079276104
170.6,11.495,4598,0.5,149,1.43431937113,1.05206395058,7256.08506713,0.529950706042,2743.98189426,1337592.27255,146.537277887,1.15475965065,-3.84520708703,-2.18132395344,7.26353949081
171.1,11.47,4588,0.5,154,1.29702417495,1.05664336061,7271.81960771,0.531099883707,2756.95213601,1338548.4964,146.642035101,2.76429883554,-2.42673210686,-5.21049394298,4.57420622599
171.6,11.445,4578,0.5,176,1.50321704266,1.06115014528,7286.91804763,0.532202603537,2771.98430644,1339377.97107,146.732906559,0.0662694890638,-4.44322869309,-0.124648422925,8.35741239468
172.1,11.42,4568,0.5,171,1.56077514734,1.06567607713,7302.0124805,0.533305030711,2787.59205791,1340197.20747,146.822656384,-0.513318603771,-4.97364625268,0.963519335332,9.33573086258
172.6,11.395,4558,0.5,154,1.41684193315,1.0701937331,7316.91455323,0.534393408796,2801.76047724,1340971.67633,146.907501789,0.733653400464,-3.48909591929,-1.37427081153,6.53573291893
173.1,11.37,4548,0.5,149,1.34572970653,1.07444412662,7329.85783183,0.535338725667,2815.21777431,1341378.25849,146.952044095,-0.514018467065,-2.73413016356,0.96102276543,5.11180336736
173.6,11.345,4538,0.5,163,1.47610507949,1.07889905801,7344.06588788,0.536376416,2829.9788251,1342007.57274,147.020987373,-0.552994747697,-3.9943594799,1.03198084304,7.45414396905
174.1,11.32,4528,0.5,174,1.52448552282,1.08359685166,7359.7898165,0.537524818617,2845.22368033,1342904.4043,147.119237982,0.479073395877,-4.43240319746,-0.892211276855,8.25476878986
174.6,11.295,4518,0.5,184,1.66030682888,1.08826218681,7375.15283999,0.538646862401,2861.82674862,1343725.57637,147.209199866,-1.24004479602,-5.74380002656,2.30454827587,10.6745050588
175.1,11.27,4508,0.5,141,1.32659949839,1.0929452312,7390.49565334,0.53976743013,2875.0927436,1344533.34825,147.297693717,2.07681836608,-2.35998489554,-3.85161506198,4.37676857937
175.6,11.245,4498,0.5,180,1.54274609561,1.09775523139,7406.55454622,0.540940296978,2890.52020456,1345461.47583,147.399372899,0.631431918645,-4.47398715086,-1.16855261197,8.27973565588
176.1,11.22,4488,0.5,167,1.52040507038,1.10234271724,7420.97117249,0.54199322031,2905.72425526,1346081.58921,147.467308196,-0.787424430005,-4.20358648814,1.45424334446,7.7633325057
176.6,11.195,4478,0.5,172,1.51685955859,1.1071265673,7436.56915257,0.543132424231,2920.89285085,1346906.41459,147.55767031,0.429384495703,-4.12127699056,-0.791400512673,7.59594432458
177.1,11.17,4468,0.5,165,1.51263560044,1.11180899345,7451.34387408,0.544211501175,2936.01920685,1347572.44958,147.630636457,-0.351634495297,-4.03170460052,0.646776952684,7.41569342748
177.6,11.145,4458,0.5,164,1.63796322356,1.11667746874,7467.22223349,0.545371182697,2952.39883909,1348428.30527,147.724398036,-0.501272829826,-5.23722852998,0.920118935894,9.61327415992
178.1,11.12,4448,0.5,162,1.52255003303,1.121627667,7483.49979426,0.54656002003,2967.62433942,1349346.05721,147.824940536,1.05206043795,-4.03400417125,-1.92697202044,7.3887515279
178.6,11.095,4438,0.5,191,1.67017259951,1.12667729183,7500.29073172,0.54778635201,2984.32606542,1350345.9235,147.934478911,0.0892114642761,-5.4602318972,-0.163040636046,9.97898295587
179.1,11.07,4428,0.5,152,1.48079000764,1.1313794131,7514.62206183,0.548833045708,2999.13396549,1350893.02384,147.994415407,-0.476569957784,-3.5176426338,0.869162006027,6.41543025981
179.6,11.045,4418,0.5,188,1.8112930171,1.13645712391,7531.30136013,0.550051224082,3017.24689566,1351852.29064,148.099505986,-1.43363187478,-6.77377818882,2.60924997143,12.3284651078
180.1,11.02,4408,0.5,157,1.47705580266,1.14141352985,7547.02625934,0.551199697585,3032.01745369,1352629.92892,148.184698611,0.954341180423,-3.38123366354,-1.73319479084,6.14071434041
180.6,10.995,4398,0.5,149,1.3433757774,1.14615224047,7561.16633036,0.552232422609,3045.45121146,1353113.88129,148.237717056,0.706313248376,-1.99595504063,-1.28021150635,3.61772147848
181.1,10.97,4388,0.5,185,1.762344673,1.15136885622,7578.30981162,0.553484502747,3063.07465819,1354125.26994,148.348517741,-0.479965472185,-6.13587330066,0.868152528333,11.0984523434
181.6,10.945,4378,0.5,171,1.51869171261,1.1563871442,7593.99437599,0.554630030382,3078.26157532,1354865.49834,148.429612001,0.497647247955,-3.64816632944,-0.898187386008,6.58445714837
182.1,10.92,4368,0.5,186,1.74936120162,1.1614730374,7609.97134102,0.555796913601,3095.75518734,1355647.72204,148.515306972,-1.51664698772,-5.90434101444,2.73164659043,10.6343619388
182.6,10.895,4358,0.5,178,1.68163386803,1.16672333016,7626.87040923,0.557031142947,3112.57152602,1356583.69245,148.617845361,0.0827295274958,-5.17538875974,-0.148683396342,9.30132688386
183.1,10.87,4348,0.5,178,1.65278673294,1.1720044284,7643.81288202,0.558268542362,3129.09939335,1357516.58774,148.720046861,0.414605463888,-4.83426067589,-0.743487099206,8.66898958113
183.6,10.845,4338,0.5,149,1.56401867147,1.17722779952,7660.2212915,0.559466936277,3144.73958006,1358343.95786,148.810687759,0.768222764578,-3.89405674062,-1.37460567238,6.96776082542
184.1,10.82,4328,0.5,197,1.91046918996,1.18274960513,7678.41043652,0.560795386833,3163.84427196,1359476.06326,148.934713328,-0.915546882252,-7.30484002383,1.63452231386,13.0413026898
184.6,10.795,4318,0.5,172,1.63892074429,1.18801464027,7694.77082504,0.56199027352,3180.2334794,1360273.34903,149.022058395,-0.0288189202179,-4.53541755428,0.0513346780877,8.07886618867
185.1,10.77,4308,0.5,167,1.58835493283,1.1932704215,7710.91346374,0.563169256773,3196.11702873,1361021.64883,149.104036901,0.259089371136,-3.97715505834,-0.460538020007,7.06949539379
185.6,10.745,4298,0.5,203,1.95650718503,1.19884993888,7728.98555596,0.564489158338,3215.68210058,1362099.5331,149.222122382,-1.49297962567,-7.60450533488,2.6479288509,13.4872497433
186.092610837,10.7203694581,4288.14778325,0.492610837438,152,1.42589796535,1.20388591837,7743.66109821,0.565560991689,3229.7303564,1362599.55095,149.276900849,0.627286426175,-2.2121462604,-1.11019219131,3.91512936013
186.592610837,10.6953694581,4278.14778325,0.5,186,1.76228273009,1.20931121629,7760.41814885,0.566784848733,3247.3531837,1363424.36898,149.367262158,-0.865776657428,-5.55687433817,1.5291735555,9.8148006374
187.092610837,10.6703694581,4268.14778325,0.5,198,1.85778472456,1.21492558086,7778.22288716,0.568085224011,3265.93103094,1364422.13699,149.47657066,-0.77310893264,-6.45669836704,1.36246245488,11.3787446195
187.592610837,10.6453694581,4258.14778325,0.5,183,1.74895202763,1.22058364686,7796.13832522,0.569393684285,3283.42055122,1365427.87201,149.586751973,0.425917785116,-5.31200963617,-0.748880321226,9.33997034569
188.092610837,10.6203694581,4248.14778325,0.5,161,1.52193912545,1.22622997778,7813.80924279,0.570684285918,3298.63994248,1366379.34989,149.690989252,2.45152630586,-2.98535823285,-4.30062920245,5.2371123921
188.592610837,10.5953694581,4238.14778325,0.5,176,1.58394746176,1.23170581349,7830.22689458,0.571883354848,3314.47941709,1367100.63562,149.770008284,0.578177176328,-3.54982826294,-1.0120664295,6.21377349801
189.092610837,10.5703694581,4228.14778325,0.5,192,1.8937815599,1.23748673772,7848.41521037,0.573211744842,3333.41723269,1368119.87077,149.881668576,-0.749499807592,-6.59188940142,1.30906124355,11.5132610439
189.592610837,10.5453694581,4218.14778325,0.5,180,1.73850042424,1.24322660773,7866.17033918,0.574508496873,3350.80223693,1369052.01387,149.983787672,0.370124571232,-4.98147325341,-0.644973500997,8.68064023332
190.092610837,10.5203694581,4208.14778325,0.5,198,1.8491275121,1.24890849724,7883.38728622,0.57576594261,3369.29351206,1369879.16059,150.074404097,-1.27432808394,-6.03063431976,2.21569399475,10.4855573814
190.592610837,10.4953694581,4198.14778325,0.5,188,1.73758211688,1.25454391007,7900.14110256,0.576989563436,3386.66933322,1370614.75936,150.154991165,-0.62200482567,-4.85859303917,1.07916175183,8.42952909561
191.092610837,10.4703694581,4188.14778325,0.5,182,1.65429366582,1.26039179479,7918.06065205,0.578298323988,3403.21226988,1371541.32297,150.256499011,1.37661282349,-3.96829470544,-2.3831511409,6.86979366551
191.592610837,10.4453694581,4178.14778325,0.5,193,1.85823047279,1.26626828602,7935.98404837,0.579607365496,3421.79457461,1372456.93249,150.356806802,-0.658908407679,-5.94904106352,1.13810375692,10.2755191853
192.092610837,10.4203694581,4168.14778325,0.5,172,1.66136663486,1.27203464804,7953.04259768,0.5808532426,3438.40824096,1373211.57439,150.439480104,0.444882965648,-3.92218670382,-0.766735143863,6.75970675172
192.592610837,10.3953694581,4158.14778325,0.5,195,1.91012638732,1.27824794829,7972.71580895,0.582290082454,3457.50950483,1374405.77592,150.570308493,0.571947400164,-6.3498920788,-0.983451287291,10.9185032352
193.092610837,10.3703694581,4148.14778325,0.5,179,1.89325985358,1.28443160763,7992.01818892,0.583699838513,3476.44210337,1375523.51158,150.692759813,0.369781425401,-6.11924119402,-0.634278939727,10.4962162777
193.592610837,10.3453694581,4138.14778325,0.5,193,1.86922110506,1.29056412511,8010.81761018,0.585072860808,3495.13431442,1376542.36625,150.804378423,0.107210213839,-5.8172717886,-0.183457765401,9.9544963567
194.092610837,10.3203694581,4128.14778325,0.5,183,1.70588927853,1.29654018155,8028.46421452,0.586361686716,3512.1932072,1377351.25049,150.892994137,0.587711554779,-4.12340820926,-1.00340485266,7.03992932081
194.592610837,10.2953694581,4118.14778325,0.5,180,1.83068282099,1.30253245844,8046.0317345,0.587644736671,3530.50003541,1378135.01483,150.978857891,-0.739308233121,-5.31150196711,1.25946198997,9.04850580252
195.092610837,10.2703694581,4108.14778325,0.5,182,1.80312037161,1.3086429787,8064.14812804,0.588967873798,3548.53123913,1379001.09067,151.073739118,0.08518982992,-4.97536487614,-0.144805230136,8.45709935772
195.592610837,10.2453694581,4098.14778325,0.5,223,2.13463850967,1.31506640114,8084.00468499,0.590418104366,3569.87762423,1380152.38771,151.199867189,-1.48982815405,-8.22788084926,2.52644712017,13.9528212165
196.041041331,10.2229479335,4089.17917339,0.448430493274,180,1.82996198677,1.32061899681,8100.37154659,0.591613463817,3586.28983935,1380928.22796,151.284862835,-0.0453535273469,-4.59302622426,0.0767382675179,7.77141042234
196.539297434,10.1980351283,4079.21405131,0.498256103637,180,1.79313852337,1.32679758756,8118.43704363,0.592932883701,3604.15868363,1381758.56331,151.375828584,0.196652769157,-4.67796804233,-0.332030518804,7.89832842275
197.039297434,10.1730351283,4069.21405131,0.5,206,1.99959648035,1.33317386377,8137.45472895,0.594321846988,3624.15464844,1382730.94852,151.482356324,-0.978279484092,-6.69614867192,1.64796898055,11.2800538904
197.524734328,10.1487632836,4059.50531345,0.485436893204,210,2.00160897367,1.33954777676,8156.85197609,0.595738531704,3643.58774527,1383821.47156,151.60182642,-0.0358496912525,-6.45875988484,0.0602485250235,10.8545078897
197.987055178,10.1256472411,4050.25889644,0.46232085067,190,2.03505639203,1.34556721719,8174.84338828,0.597052540774,3662.40472532,1384766.99964,151.70541188,-0.825567859159,-6.40316719345,1.38426230412,10.7364438604
198.473708705,10.1013145647,4040.5258259,0.486653527021,188,1.85805611169,1.35197163162,8194.01444016,0.598452705241,3680.48931652,1385789.89623,151.817473295,1.08646067141,-4.95696317931,-1.81757574888,8.29266654552
198.973708705,10.0763145647,4030.5258259,0.5,206,1.91457253278,1.35849195771,8213.15537975,0.599850670446,3699.63504185,1386734.28244,151.920933659,-0.00478573703064,-5.59344952334,0.00798752157048,9.33561506516
199.459145598,10.0520427201,4020.81708803,0.485436893204,173,1.67393075892,1.36483958942,8231.65551534,0.601201834308,3715.88679679,1387625.07678,152.018522873,2.24838065258,-3.03173744066,-3.74401725766,5.04846778748
199.959145598,10.0270427201,4010.81708803,0.5,244,2.38078272137,1.37195094736,8253.96645541,0.602831321605,3739.694624,1389078.14435,152.177710818,-1.49688713994,-10.1239253511,2.48645501594,16.8166886458
200.368981664,10.0065509168,4002.62036672,0.409836065574,161,1.87302187783,1.37739359918,8269.77550957,0.603985941394,3755.04726234,1389841.88373,152.261380776,0.456415815733,-4.08485653439,-0.756395901396,6.76963556891
200.5,10,4000,0.131018335977,50,2.02986131073,1.37917639626,8275.05837758,0.604371777504,3760.36624337,1390122.69854,152.292144888,-0.0361130123671,-1.70736970116,0.0597720555798,2.82593419888
