time,Lx,V,P_impulse,P_IG,U,T,W_cum,PV_gamma(IG),T*V^(gamma-1),events,alpha_upper,alpha_IG,sigma_upper,sigma_IG
0.6,19.995,7998,0.368576543398,0.376623206031,4518.34860276,0.329999167598,0.737153086797,1204692.13687,131.977666178,10,0.0253801343483,0.0159356074286,-0.0769161823542,-0.0482939164184
0.8,19.985,7994,0.466900953662,0.376967141329,4520.21299168,0.330135333894,2.60475690145,1204787.36069,131.988098235,29,-0.00321489565427,-0.360423286993,0.00974012310218,1.0919692462
1.2,19.965,7986,0.49922339458,0.377675873183,4524.17928486,0.330425013501,6.59854405809,1205039.87601,132.015762051,53,-0.0274939712001,-0.975216519911,0.0832443888237,2.9526947046
1.7,19.94,7976,0.580744485606,0.378621654467,4529.82947404,0.330837677041,12.4059889141,1205537.40779,132.070268163,72,-0.157255678416,-2.02596041916,0.475622413498,6.12755096616
2.2,19.915,7966,0.528327844013,0.379532403912,4535.03269434,0.331217696052,17.6892673543,1205913.151,132.111431967,68,-0.0800581392852,-1.49251107894,0.241847260936,4.50871978266
2.7,19.89,7956,0.524911345971,0.380437111909,4540.13649352,0.331590453807,22.938380814,1206259.74108,132.149401959,63,-0.14531427435,-1.44926876012,0.43848065049,4.37311689795
3.2,19.865,7946,0.495546172867,0.381338557541,4545.17426734,0.331958389376,27.8938425427,1206586.1077,132.185156409,70,0.0823120814775,-1.14658623003,-0.248096526196,3.45592111812
3.7,19.84,7936,0.518856524262,0.382251359871,4550.32018791,0.332334223481,33.0824077853,1206938.49071,132.223761033,72,-0.0426446726202,-1.37061857377,0.128391229391,4.12655070144
4.2,19.815,7926,0.419192939975,0.383094812164,4554.61422182,0.332647839747,37.274337185,1207062.38791,132.237334346,60,0.102104511913,-0.365201009683,-0.307089521835,1.09837852742
4.7,19.79,7916,0.457611534936,0.383963384367,4559.18122597,0.33298139249,41.8504525344,1207256.22538,132.258569827,57,-0.00911119188063,-0.740826980935,0.0273761771249,2.22594485054
5.2,19.765,7906,0.424565448902,0.384793943514,4563.27137613,0.333280118035,46.0961070234,1207321.43478,132.265713713,56,-0.155504333265,-0.401870236572,0.466796688114,1.20634384614
5.7,19.74,7896,0.495962871192,0.385692132566,4568.13761812,0.333635525717,51.0557357353,1207589.55019,132.295086568,60,-0.0933867265118,-1.10720111993,0.2800555884,3.32036331823
6.2,19.715,7886,0.578063047089,0.38663063405,4573.45377018,0.334023792739,56.8363662062,1207973.89648,132.337192866,83,-0.464478407864,-1.91901969361,1.39136351437,5.74849969308
6.7,19.69,7876,0.454965487044,0.387503929756,4577.97142614,0.334353741319,61.3860210767,1208144.71078,132.355906089,62,-0.0319989090776,-0.678984669319,0.095751001334,2.03173995151
7.2,19.665,7866,0.607926836558,0.388454953045,4583.37999098,0.33474875774,67.4652894422,1208547.98926,132.400086466,77,-0.670703525764,-2.19947707871,2.00478559475,6.57440999488
7.7,19.64,7856,0.386942387691,0.389260305962,4587.04344546,0.335016319417,71.3347133192,1208488.65478,132.393586194,57,-0.205969401366,0.0191501864033,0.615049689483,-0.0571847862973
8.2,19.615,7846,0.486035292688,0.390133051517,4591.47588331,0.335340044063,76.195066246,1208629.66916,132.409034746,68,-0.427915072829,-0.963388736267,1.27667937873,2.87425849519
8.7,19.59,7836,0.509555335636,0.391035779588,4596.23455328,0.335687595186,81.2906196024,1208854.06666,132.433618171,75,-0.336883382575,-1.18971197517,1.0040819867,3.54594030286
9.2,19.565,7826,0.486586194131,0.391964159025,4601.2672628,0.336055160882,86.1564815437,1209147.91076,132.46580968,69,0.166847572365,-0.950865182308,-0.496760317421,2.83103963152
9.7,19.54,7816,0.468250919051,0.392849953646,4605.77285655,0.336384228495,90.8389907342,1209300.66239,132.482544083,64,-0.176915436422,-0.758441283681,0.526189985943,2.25579076914
10.2,19.515,7806,0.550091711508,0.393780930304,4610.78091293,0.336749993641,96.3399078493,1209582.77105,132.513449939,77,-0.492860739273,-1.5677656307,1.46437582005,4.65810704357
10.7,19.49,7796,0.431142431075,0.394613505257,4614.61033047,0.337029676488,100.65133216,1209553.25693,132.510216579,50,-0.482006762323,-0.369454481257,1.43075484076,1.0966625965
11.2,19.465,7786,0.527218354133,0.395535364564,4619.45752275,0.337383692868,105.923515701,1209788.12855,132.535947475,69,-0.424991267849,-1.32144205313,1.26032871577,3.91878961235
11.7,19.44,7776,0.50785976103,0.396491050501,4624.67161304,0.337764505773,111.002113312,1210116.38733,132.571909217,69,0.135492682726,-1.11846861342,-0.401371678096,3.31325364022
12.2,19.415,7766,0.578628948542,0.397468343354,4630.10873173,0.338161607634,116.788402797,1210500.17073,132.613953848,75,-0.349170800841,-1.81649573791,1.03316263099,5.37483521313
12.7,19.39,7756,0.464562016634,0.398346426679,4634.36232799,0.338472270522,121.434022963,1210571.91198,132.62181332,64,-0.39202390519,-0.666548893065,1.15874749357,1.97019071786
13.2,19.365,7746,0.520544015922,0.399286690541,4639.31205739,0.338833775737,126.639463123,1210822.98106,132.649318696,71,-0.255710755557,-1.21727752267,0.755081862827,3.59446820059
13.7,19.34,7736,0.558345319662,0.400178279933,4643.66876034,0.339151969058,132.222916319,1210916.73614,132.659589849,71,-1.22675024537,-1.58613098766,3.61880837403,4.67895084768
14.2,19.315,7726,0.45998327897,0.401028634804,4647.52084874,0.339433307679,136.822749109,1210876.60995,132.655193904,60,-0.747744388332,-0.593800628,2.20383322175,1.75011350336
14.7,19.29,7716,0.401067994443,0.40195666506,4652.24644141,0.339778442989,140.833429053,1211061.68948,132.675469925,51,0.714912717934,0.00424370452069,-2.10512470443,-0.0124959690892
15.2,19.265,7706,0.620568706505,0.402959337376,4657.80698073,0.34018455892,147.039116118,1211461.35474,132.719254463,80,-0.645147743359,-2.1811104008,1.89759660907,6.4153796447
15.7,19.24,7696,0.361796050908,0.40389486835,4662.56236024,0.340531869722,150.657076628,1211648.82931,132.739792869,51,1.13741900156,0.416307636753,-3.34182914854,-1.22314555441
16.2,19.215,7686,0.395311985148,0.404771687443,4666.61278453,0.340827693875,154.610196479,1211650.67203,132.739994744,55,0.097304444472,0.0902103924626,-0.285618488888,-0.264795263125
16.7,19.19,7676,0.462035032452,0.405774412913,4672.08659028,0.341227475188,159.230546804,1212019.48416,132.780399229,59,0.853455421826,-0.567623140817,-2.50259938063,1.66444934827
17.2,19.165,7666,0.537759121488,0.406729734956,4676.98522226,0.341585248485,164.608138018,1212236.29229,132.804151215,69,-0.478959236468,-1.31507346193,1.4029007365,3.85193015987
17.7,19.14,7656,0.533568931593,0.40759628682,4680.83575784,0.341866473696,169.943827334,1212179.01197,132.797875983,75,-1.48515373306,-1.26406167406,4.34603845409,3.69905183654
18.2,19.115,7646,0.52818078475,0.408556481402,4685.73428519,0.342224239351,175.225635182,1212390.69372,132.821066358,71,-0.383280495368,-1.20104700953,1.1205545933,3.51136767867
18.7,19.09,7636,0.473232093231,0.409550656473,4690.99321924,0.342608327435,179.957956114,1212692.87499,132.85417123,68,0.526613117678,-0.641788463258,-1.5379324618,1.87429305902
19.2,19.065,7626,0.53018203866,0.410469355542,4695.35895805,0.342927180693,185.259776501,1212761.51734,132.861691208,76,-0.936081580436,-1.20172306435,2.73094994887,3.50593966353
19.7,19.04,7616,0.444765497843,0.41139761777,4699.80638541,0.343252000103,189.707431479,1212848.80558,132.871253898,61,-0.000227621647075,-0.338322899533,0.000663446672372,0.986106570999
20.2,19.015,7606,0.523368766669,0.41241607695,4705.25502192,0.343649943173,194.941119146,1213191.76923,132.908826602,77,0.214948850099,-1.11462255544,-0.625850173239,3.24536148529
20.7,18.99,7596,0.562703269767,0.413487043091,4711.27136898,0.344089349181,200.568151844,1213678.05293,132.962100453,75,0.389314362491,-1.49752084293,-1.13215681238,4.3549084939
21.2,18.965,7586,0.540894848556,0.414534524843,4716.98835818,0.344506891483,205.977100329,1214084.09833,133.006583954,68,0.308040713554,-1.26884419758,-0.894691824796,3.68530678111
21.7,18.94,7576,0.474744194731,0.415544496364,4722.24765668,0.344891006184,210.724542276,1214369.38924,133.037838436,69,0.511856547606,-0.597050114317,-1.48493794175,1.73209148545
22.2,18.915,7566,0.622316464159,0.416679180559,4728.89202016,0.345376279591,216.947706918,1215007.69839,133.107767133,78,0.421198842732,-2.06205049347,-1.22039346616,5.97464355031
22.7,18.89,7556,0.458079787257,0.417634317367,4733.46735304,0.345710440625,221.528504791,1215111.39399,133.119127299,62,-0.00546499350259,-0.409233289545,0.015815651908,1.18431819792
23.2,18.865,7546,0.437883647604,0.418647939084,4738.67602249,0.346090857617,225.907341267,1215374.98216,133.14800418,68,0.829832977525,-0.197428463574,-2.399050073,0.570766386464
23.7,18.84,7536,0.479367316712,0.419644202676,4743.65806705,0.34645472298,230.701014434,1215577.66216,133.170208388,68,0.188371386701,-0.602215605348,-0.543997079698,1.73913637519
24.2,18.815,7526,0.431675431424,0.420638618032,4748.58935896,0.346814881607,235.017768748,1215764.61371,133.190689495,61,0.61453759727,-0.115343338085,-1.77286756322,0.332751752916
24.7,18.79,7516,0.581815308615,0.421715657241,4754.42231974,0.347240893934,240.835921834,1216179.49808,133.236141332,81,0.0148076927964,-1.60638540194,-0.0426700369575,4.62898072042
25.2,18.765,7506,0.465295940705,0.422711173482,4759.30510223,0.347597509657,245.488881241,1216348.41748,133.254646963,64,0.22982308223,-0.430828372014,-0.661515198476,1.24008221131
25.7,18.74,7496,0.675987390464,0.423773616639,4764.91054548,0.348006905162,252.248755146,1216699.16866,133.293072816,88,-1.15443064962,-2.52745351541,3.3192159941,7.26692775825
26.2,18.715,7486,0.523072710487,0.424787456195,4769.93834561,0.3483741123,257.479482251,1216899.52528,133.315022489,70,-0.202926974562,-0.987924960158,0.58280444031,2.83731157336
26.7,18.69,7476,0.654321243406,0.425803830088,4774.96415061,0.348741173723,264.022694685,1217096.60621,133.336613301,93,-1.51740743645,-2.29025923035,4.35339022648,6.57067568671
27.2,18.665,7466,0.326769450961,0.426773635336,4779.43794213,0.349067918648,267.290389194,1217150.34061,133.342500067,48,1.20609700977,0.995189881768,-3.45681081819,-2.85232706953
27.7,18.64,7456,0.550433251562,0.427763810369,4784.11045517,0.349409177269,272.79472171,1217252.11709,133.353649988,67,-0.831819479353,-1.23164833709,2.38180889314,3.52666778706
28.2,18.615,7446,0.482856955958,0.428813088648,4789.41338711,0.349796478755,277.62329127,1217511.5391,133.382070454,69,0.474362380149,-0.545688484581,-1.35686082074,1.56088120821
28.7,18.59,7436,0.48025297522,0.429854704101,4794.59936954,0.350175238792,282.425821022,1217738.35621,133.406918954,64,0.383452685194,-0.509194148004,-1.09562336758,1.45489920589
29.2,18.565,7426,0.621198678909,0.430956355132,4800.42283982,0.350600557977,288.637807811,1218124.08696,133.449176923,83,-0.388516515875,-1.9079352647,1.10881830585,5.44520879144
29.7,18.54,7416,0.372097512357,0.432043057144,4806.04696767,0.351011318118,292.358782934,1218456.13516,133.485553808,54,1.90315273406,0.594018287293,-5.4250870001,-1.69329598752
30.2,18.515,7406,0.551438103667,0.433127577604,4811.61425961,0.351417927228,297.873163971,1218770.73105,133.52001874,76,0.0529108955995,-1.18853148689,-0.150651175047,3.38406037267
30.7,18.49,7396,0.646057826794,0.434280144919,4817.90392774,0.351877295336,304.333742239,1219265.10581,133.574178989,79,-0.170910139817,-2.12354378321,0.486026733393,6.0388403478
31.2,18.465,7386,0.473048550368,0.435252647789,4822.16408486,0.352188437398,309.064227743,1219242.97121,133.571754077,61,-0.470328382014,-0.382824443718,1.33603543007,1.08746790511
31.7,18.44,7376,0.588722818407,0.436476778979,4829.17908263,0.352700780209,314.951455927,1219914.30454,133.645300673,76,1.1277695856,-1.52858576508,-3.19984916049,4.33709504102
32.2,18.415,7366,0.396076888252,0.43751686125,4834.12379996,0.353061919366,318.912224809,1220059.42892,133.661199487,61,0.983948446733,0.409196029697,-2.78832657868,-1.15958531088
32.7,18.39,7356,0.46661134315,0.438545715872,4838.91342893,0.35341173159,323.578338241,1220162.68811,133.672511844,65,0.123515544354,-0.28580375792,-0.349667802011,0.809099553915
33.2,18.365,7346,0.512848876827,0.439619591734,4844.16828132,0.353795521569,328.706827009,1220380.45978,133.696369388,66,0.126363616844,-0.73766572111,-0.357359504669,2.08613731778
33.7,18.34,7336,0.50548694089,0.44068279397,4849.27346485,0.35416838043,333.761696418,1220557.65455,133.715781611,72,0.0503141229447,-0.653360892539,-0.142137537811,1.84574634581
34.2,18.315,7326,0.486320517785,0.441776375422,4854.68058951,0.354563291668,338.624901596,1220807.93908,133.743201039,63,0.543919487923,-0.450912935638,-1.53490949914,1.27245035996
34.7,18.29,7316,0.479739171528,0.442845034951,4859.78141356,0.354935832132,343.422293311,1220978.28803,133.761863281,72,0.303432327495,-0.374288093767,-0.855342360029,1.05507697251
35.2,18.265,7306,0.610229363247,0.444008144447,4865.885255,0.355381628323,349.524586944,1221397.56427,133.807796261,82,0.00154780556647,-1.6680318228,-0.00435806706898,4.69658122083
35.7,18.24,7296,0.501752487958,0.445058861321,4870.7241783,0.355735040775,354.542111823,1221496.31553,133.81861476,71,-0.17860157799,-0.572193152029,0.502313012058,1.60928066207
36.2,18.215,7286,0.447423140142,0.446146929917,4875.93979706,0.356115965313,359.016343225,1221686.72176,133.839474338,60,0.741387366733,-0.0182059753801,-2.08298467065,0.0511510842139
36.7,18.19,7276,0.528035861574,0.447238433766,4881.16026612,0.356497244093,364.29670184,1221875.4393,133.860148916,68,-0.0598895574508,-0.81343534109,0.168084331473,2.2829645321
37.2,18.165,7266,0.487919200951,0.448323610468,4886.27903049,0.356871094836,369.17589385,1222035.81333,133.877718376,68,0.239572355565,-0.401385282306,-0.671665232368,1.12532407286
37.7,18.14,7256,0.542653880544,0.449438527137,4891.68892936,0.357266208688,374.602432655,1222266.06839,133.902943513,73,-0.0166399354527,-0.937731798641,0.0466015018978,2.62619469397
38.2,18.115,7246,0.570954473681,0.450556947629,4897.10346378,0.3576616611,380.311977392,1222494.48083,133.927966787,79,-0.295010318575,-1.20957105804,0.825286944438,3.38375690515
38.7,18.09,7236,0.51321489417,0.451673703742,4902.46638042,0.358053343589,385.444126334,1222707.01487,133.951250533,64,0.230767701035,-0.620999358923,-0.644859195416,1.73532580666
39.2,18.065,7226,0.623062331882,0.45283937301,4908.32596405,0.358481300325,391.674749653,1223040.32317,133.987765466,97,-0.371039687892,-1.70806194112,1.03565037935,4.76756275674
39.7,18.04,7216,0.532509197678,0.453976022042,4913.83646259,0.358883761509,396.999841629,1223283.51327,134.014407676,70,0.185406560386,-0.791018790267,-0.516909925642,2.20534517877
40.2,18.015,7206,0.617429866968,0.45516977382,4919.93008522,0.359328811366,403.174140299,1223668.67921,134.05660377,83,-0.0806760385852,-1.62857388046,0.224657828704,4.53507482872
40.7,17.99,7196,0.616034385396,0.456368928635,4926.04621569,0.35977550509,409.334484153,1224056.11007,134.099047992,80,-0.0442133859884,-1.60265455905,0.122967933794,4.45736320135
41.2,17.965,7186,0.616133210452,0.457566529735,4932.10962402,0.360218348234,415.495816257,1224427.11107,134.139692273,79,-0.0979237733966,-1.59165900439,0.272012803844,4.42131275718
41.7,17.94,7176,0.452348821827,0.458647817137,4936.88510367,0.360567127057,420.019304476,1224475.35249,134.144977267,62,0.251991431346,0.057580119278,-0.699213399783,-0.159770476104
42.2,17.915,7166,0.624167975883,0.459853346114,4942.96361738,0.361011073428,426.260984235,1224843.75062,134.185336396,84,-0.163166047961,-1.64917816809,0.452247719932,4.5710310178
42.7,17.89,7156,0.531818865288,0.461013483445,4948.51873129,0.361416793112,431.579172887,1225079.24078,134.211135055,72,0.236925263543,-0.713858391081,-0.655913965992,1.97627590004
43.2,17.865,7146,0.438649467284,0.462078115343,4953.01531836,0.361745202919,435.96566756,1225049.82705,134.207912692,64,0.110092394931,0.22896004216,-0.304475056862,-0.633219232805
43.7,17.84,7136,0.663225353469,0.463336287594,4959.55162241,0.362222584166,442.597921095,1225521.82599,134.259621603,90,-0.0959494899137,-2.00518611594,0.2650656331,5.53943463151
44.2,17.815,7126,0.599752051361,0.464504818782,4965.09200797,0.36262722816,448.595441609,1225744.40746,134.284006076,84,-0.457134954508,-1.35831889366,1.2613232334,3.7478629933
44.7,17.79,7116,0.637898321644,0.465758828702,4971.50973756,0.363095949282,454.974424825,1226180.2827,134.331757526,82,0.0387463812817,-1.72766950951,-0.106780057427,4.76123558738
45.2,17.765,7106,0.631823196332,0.467004163193,4977.79737548,0.363555169112,461.292656788,1226580.59804,134.375613283,81,-0.0305940488451,-1.6544214505,0.0842056058835,4.55355096448
45.7,17.74,7096,0.667989204243,0.468251990827,4984.07419037,0.364013598478,467.972548831,1226974.80208,134.418799527,89,-0.403077154521,-2.00361572329,1.10801115297,5.50770129929
46.2,17.715,7086,0.522659540615,0.469440579111,4989.68391537,0.364423306703,473.199144237,1227201.49192,134.443634084,70,0.383129599154,-0.538136561455,-1.05192253833,1.47751042713
46.7,17.69,7076,0.466468340597,0.47054266293,4994.33982434,0.364763352639,477.863827643,1227190.67438,134.44244899,70,-0.00877443914684,0.0352293568635,0.024066373224,-0.0966264437566
47.2,17.665,7066,0.474823694275,0.471673849593,4999.27113184,0.365123512404,482.612064586,1227244.76261,134.448374519,61,0.183070559821,-0.0371579945652,-0.501640921597,0.101818504606
47.7,17.64,7056,0.48935902749,0.472811973241,5004.24192479,0.365486556003,487.505654861,1227305.70425,134.45505086,68,0.0772026705741,-0.171164810137,-0.211337549022,0.468553110718
48.2,17.615,7046,0.624045970475,0.474071589949,5010.46263417,0.365940887684,493.746114565,1227670.05057,134.494966101,73,-0.0197503218379,-1.50604636138,0.0540048695421,4.11810186884
48.7,17.59,7036,0.630372902569,0.475297229514,5016.28696029,0.366366269375,500.049843591,1227933.93264,134.52387518,79,-0.479402906508,-1.55688913734,1.3092946092,4.25201125602
49.2,17.565,7026,0.598641219094,0.476565802509,5022.52699265,0.366822012317,506.036255782,1228296.22577,134.563565487,75,0.253620165844,-1.22710154285,-0.691828203415,3.34730266014
49.7,17.54,7016,0.685125793295,0.47783709563,5028.75759441,0.367277066492,512.887513715,1228652.76583,134.602625529,86,-0.620656165022,-2.07924796032,1.69093296242,5.66476112106
50.2,17.515,7006,0.618079696801,0.479076271516,5034.61253736,0.367704684295,519.068310683,1228914.1625,134.631262324,77,-0.325854020398,-1.39623440044,0.886699622267,3.79937161419
50.7,17.49,6996,0.569248558055,0.4802920703,5040.18498573,0.368111670007,524.760796263,1229103.39358,134.651993162,87,-0.120037209642,-0.895647965686,0.326269479988,2.43443343016
51.2,17.465,6986,0.487203683645,0.481472274792,5045.34796755,0.368488750186,529.6328331,1229189.71909,134.661450382,69,0.290944982076,-0.0632189624976,-0.789966918563,0.171650628386
51.7,17.44,6976,0.713446844726,0.482776317686,5051.77138827,0.368957886961,536.767301547,1229579.86972,134.704192564,85,-0.711047729873,-2.31323019696,1.9284045626,6.2736205725
52.2,17.415,6966,0.689061875793,0.484128134072,5058.65487292,0.369460624665,543.657920305,1230078.34125,134.758801627,84,-0.00713410919467,-2.05610158165,0.0193226715808,5.56893292701
52.7,17.39,6956,0.636695450447,0.48538151946,5064.47077405,0.369885391035,550.02487481,1230313.69724,134.784585587,81,-0.551053373716,-1.51941054448,1.49065082388,4.11014737947
53.2,17.365,6946,0.511828721783,0.486621415877,5070.10853203,0.370297146657,555.143162027,1230502.54511,134.805274442,73,0.519470760914,-0.258276743875,-1.4036287928,0.697873107573
53.7,17.34,6936,0.805833317707,0.488007397417,5077.22896272,0.370817189799,563.201495204,1231047.6952,134.864997283,97,-0.937902478947,-3.18519442837,2.53106014231,8.59568968428
54.2,17.315,6926,0.700254050813,0.489285745286,5083.18960777,0.371252527591,570.204035713,1231308.02134,134.893516799,99,-1.04189545878,-2.11607924174,2.80807971101,5.70318176892
54.7,17.29,6916,0.598299268798,0.490587046327,5089.3500186,0.371702455346,576.187028401,1231613.34043,134.926965429,82,0.177418136263,-1.08363333121,-0.477601309198,2.91709014973
55.2,17.265,6906,0.723109361749,0.491953815172,5096.14957136,0.372199063056,583.418122018,1232069.73524,134.97696486,89,-0.431540850515,-2.3183944071,1.1602096241,6.23306808697
55.7,17.24,6896,0.572683439369,0.493185464198,5101.51044166,0.37259059609,589.144956412,1232174.89515,134.988485446,70,-0.365964094855,-0.801142090615,0.982731407077,2.15132441966
56.2,17.215,6886,0.700738215456,0.49449103624,5107.59791333,0.373035196708,596.152338566,1232452.30309,135.018876324,81,-0.919910492607,-2.06900424371,2.46748570528,5.54971210409
56.7,17.19,6876,0.471537091978,0.495741128125,5113.07399548,0.37343514428,600.867709486,1232578.90512,135.03274596,66,0.760711232135,0.235785707637,-2.03815527655,-0.63173496572
57.2,17.165,6866,0.673891123017,0.497028776596,5118.89937016,0.373860602554,607.606620716,1232786.48827,135.055487321,79,-0.913536544406,-1.77506614488,2.44491300339,4.75063896027
57.7,17.14,6856,0.705532047794,0.498408087898,5125.62877594,0.374352087054,614.661941194,1233208.2726,135.10169507,92,-0.32591470178,-2.07814126817,0.871181968195,5.55494793669
58.2,17.115,6846,0.591888733111,0.499728658077,5131.7135898,0.374796493558,620.580828525,1233471.38949,135.130520321,77,0.165926527105,-0.928208247816,-0.442973614046,2.47803512371
58.7,17.09,6836,0.797238156674,0.501148427874,5138.77597942,0.37531229765,628.553210092,1233965.81669,135.184686316,97,-0.909991945258,-2.96800154748,2.42629324153,7.91352289767
59.2,17.065,6826,0.697566361168,0.502469288324,5144.78304315,0.375751025646,635.528873704,1234203.18288,135.210690499,96,-0.968599881215,-1.95757965184,2.5792762106,5.21282185168
59.7,17.04,6816,0.658270794566,0.503883306742,5151.70292813,0.376256421862,642.111581649,1234655.91212,135.260288356,86,0.337177037002,-1.55095029351,-0.896738557894,4.12482695124
60.2,17.015,6806,0.6068181348,0.50519463018,5157.5319795,0.376682148664,648.179762997,1234843.63345,135.280853797,85,-0.239129975877,-1.02279619149,0.635191196832,2.71681178659
60.7,16.99,6796,0.703267398697,0.506546307456,5163.7330582,0.377135046611,655.212436984,1235117.01377,135.310803437,96,-0.831595287627,-1.97397410219,2.20635796806,5.23727533563
61.2,16.965,6786,0.517395771504,0.507770208086,5168.5929481,0.377489990367,660.386394699,1235066.40465,135.305259054,65,-0.314067814287,-0.102379084908,0.832381113526,0.271337630985
61.7,16.94,6776,0.484592835228,0.509160979821,5175.1121989,0.377966126125,665.232323052,1235409.0424,135.342796056,62,1.67332244808,0.23872251808,-4.42996598094,-0.631995725148
62.2,16.915,6766,0.630802754943,0.510580881733,5181.88536871,0.378460806946,671.540350601,1235808.57607,135.386566178,84,0.465142256707,-1.20932352304,-1.22984054737,3.19746288814
62.7,16.89,6756,0.404881888004,0.511817735195,5186.76092846,0.378816895155,675.589169481,1235752.21872,135.380392059,55,0.826740870789,1.06317020371,-2.1834549426,-2.80787404873
63.2,16.865,6746,0.645888158292,0.513156404255,5192.62965466,0.379245519621,682.048051064,1235929.35681,135.399798073,82,-0.590155387358,-1.33401553133,1.55701001884,3.51954009414
63.7,16.84,6736,0.714389539266,0.51461695495,5199.68971281,0.379761153434,689.191946457,1236386.4064,135.449869238,87,-0.0838372379269,-2.00503415702,0.220913045703,5.28331101215
64.2,16.815,6726,0.607675230024,0.516013761292,5206.06283767,0.380226616833,695.268698757,1236676.34968,135.4816334,83,0.296372561655,-0.923603756032,-0.779940344437,2.43057531231
64.7,16.79,6716,0.646896150922,0.517497311756,5213.26791863,0.380752842436,701.737660266,1237160.1158,135.534631441,92,0.736119451219,-1.30141185746,-1.93466312987,3.42036001526
65.2,16.765,6706,0.628720190747,0.518967072008,5220.28977733,0.381265686337,708.024862174,1237596.44055,135.582432137,76,0.734656789581,-1.1048855651,-1.92818615779,2.89989159943
65.7,16.74,6696,0.660016829646,0.520413428293,5227.03247378,0.381758141526,714.62503047,1237962.72748,135.622559978,86,0.142528147435,-1.40327116274,-0.373587671133,3.67818438034
66.2,16.715,6686,0.661362177813,0.521802527182,5233.1575451,0.382205488249,721.238652248,1238179.08922,135.646263061,80,-0.488550449267,-1.40254692101,1.27898876393,3.67176359278
66.7,16.69,6676,0.568322841328,0.523215363133,5239.47864641,0.382667152089,726.921880662,1238438.28036,135.674658234,72,0.637872892053,-0.458144040594,-1.66791922841,1.19796163814
67.2,16.665,6666,0.794575110685,0.52470011776,5246.47647748,0.383178241125,734.867631768,1238853.66661,135.720165053,97,-0.94792003553,-2.7061793243,2.47548668159,7.06716877396
67.7,16.64,6656,0.569751028142,0.526213703228,5253.71761303,0.383707099987,740.56514205,1239322.52233,135.771529615,81,1.54362526543,-0.442947018256,-4.02570027794,1.15518447025
68.2,16.615,6646,0.668460691728,0.527707828049,5260.71933782,0.384218473402,747.249748967,1239730.91556,135.816270329,90,0.317117873666,-1.4150049193,-0.825907834443,3.68526578183
68.7,16.59,6636,0.645986806677,0.529209625618,5267.7526134,0.384732151139,753.709617034,1240142.80252,135.861393791,83,0.573407512926,-1.17528649963,-1.49140268471,3.0568581704
69.2,16.565,6626,0.635994545581,0.530674976287,5274.37858932,0.385216081604,760.06956249,1240454.946,135.895590053,83,0.266030466877,-1.06052783906,-0.691034684058,2.75480296975
69.7,16.54,6616,0.604522570569,0.532206039012,5281.61273115,0.385744429678,766.114788195,1240906.21341,135.945027762,77,1.18891612593,-0.730826532546,-3.08424649132,1.89588577327
70.2,16.515,6606,0.69104483033,0.533675170297,5288.18726247,0.386224602868,773.025236499,1241198.60729,135.977060395,89,-0.335916986488,-1.58104764411,0.870286170367,4.09614266235
70.7,16.49,6596,0.604859568268,0.535103452267,5294.31355673,0.386672038908,779.073832181,1241382.15432,135.997168527,72,0.0776985753883,-0.70470764156,-0.201058126504,1.823549498
71.2,16.465,6586,0.526857567851,0.53648094903,5299.89529547,0.387079703146,784.34240786,1241434.60823,136.002915012,66,0.313163065796,0.0893416143973,-0.809466522078,-0.23093095509
71.7,16.44,6576,0.524416875414,0.537856026206,5305.4118425,0.387482606084,789.586576614,1241468.52429,136.006630619,78,0.272378270966,0.127511434416,-0.703308869332,-0.329247712927
72.2,16.415,6566,0.562719325337,0.539291247587,5311.47949748,0.387925759384,795.213769867,1241628.01376,136.024103173,76,0.440461733247,-0.241461966012,-1.13607681543,0.622799486735
72.7,16.39,6556,0.696730485728,0.540856966324,5318.78740683,0.388459495094,802.181074725,1242073.61424,136.072920052,90,0.340604485258,-1.56656985947,-0.877411010303,4.03554768831
73.2,16.365,6546,0.73913184119,0.542428052073,5326.1010433,0.388993649087,809.572393137,1242516.43782,136.121432715,92,-0.0776819377446,-1.97489941455,0.199836963362,5.08043328226
73.7,16.34,6536,0.634970390098,0.543922579012,5332.61696464,0.389469541677,815.922097037,1242769.23381,136.14912728,81,0.166217434959,-0.917956211447,-0.427039934403,2.35838051776
74.2,16.315,6526,0.774803428384,0.54554539641,5340.34388546,0.390033880037,823.670131321,1243300.22167,136.207298606,88,-0.0211134576526,-2.30070090444,0.0541715586217,5.90299116168
74.7,16.29,6516,0.694254382518,0.547109859597,5347.4517677,0.390553006698,830.612675147,1243682.91257,136.249223551,94,0.165338416951,-1.4792735202,-0.423625914707,3.79015724026
75.2,16.265,6506,0.753295375847,0.54867972997,5354.56548478,0.391072559507,838.145628905,1244062.9255,136.290855117,99,-0.419236687584,-2.05401180909,1.07273023225,5.25574366525
75.7,16.24,6496,0.589899217205,0.550177321092,5360.92781672,0.391537234642,844.044621077,1244264.50259,136.312938495,77,0.463339769532,-0.404712340133,-1.18408886011,1.0342634175
76.2,16.215,6486,0.806375268798,0.551785015199,5368.31641287,0.392076863341,852.108373765,1244700.34354,136.36068619,103,-0.675156534465,-2.55394727673,1.72318628826,6.51838011415
76.7,16.19,6476,0.49533750316,0.553220003448,5373.97911349,0.392490440658,857.061748797,1244732.24979,136.364181616,66,0.709325591756,0.571645097898,-1.80819564654,-1.45722386081
77.2,16.165,6466,0.681498858323,0.554780222547,5380.81337848,0.392989583588,863.87673738,1245031.87679,136.39700666,92,0.0192764062184,-1.2749932984,-0.0490818496291,3.24640540571
77.7,16.14,6456,0.620022491124,0.556310972135,5387.31545416,0.393464464954,870.076962291,1245250.79733,136.420990067,81,0.301850761755,-0.644774542084,-0.767624662406,1.63970048416
78.2,16.115,6446,0.732555213379,0.557902646312,5394.3606872,0.393979016009,877.402514425,1245591.36843,136.458300661,91,-0.280319094488,-1.75449009704,0.711972608232,4.45616768556
78.7,16.09,6436,0.821234591375,0.559551045175,5401.90579012,0.394530075235,885.614860339,1246043.21206,136.507801496,98,-0.66724299244,-2.62508396044,1.69241673901,6.6583479876
79.2,16.065,6426,0.760042249324,0.561215110581,5409.55245089,0.395088551774,893.215282832,1246514.18344,136.559397835,93,0.0462382766496,-1.9965983293,-0.117115465791,5.05712064281
79.7,16.04,6416,0.774492579218,0.562856712344,5416.93299959,0.395627592725,900.960208624,1246919.57188,136.603809365,89,-0.364377084621,-2.12457307642,0.921638155881,5.37379460683
80.2,16.015,6406,0.645667678301,0.564425315653,5423.56285811,0.396111806756,907.416885407,1247148.13541,136.62884919,78,0.173181731162,-0.820272443671,-0.437471550047,2.07207685814
80.7,15.99,6396,0.739283456491,0.566033110972,5430.52166666,0.396620045769,914.809719972,1247448.41375,136.661745591,95,-0.434026008629,-1.74054851511,1.09501342035,4.39126675575
81.2,15.965,6386,0.658465945969,0.567584890603,5436.89566708,0.397085573114,921.394379432,1247610.48557,136.679501049,90,-0.210659042585,-0.916575096469,0.530824118094,2.30960969574
81.7,15.94,6376,0.799804098884,0.569299484986,5444.78027441,0.397661428163,929.392420421,1248115.10236,136.734783344,106,-0.113433662427,-2.31362604492,0.285458547801,5.82229575248
82.2,15.915,6366,0.808206009801,0.571066451952,5453.11354969,0.398270051832,937.474480519,1248717.99856,136.800832445,103,0.251215182235,-2.38023780053,-0.631248263321,5.98101183421
82.7,15.89,6356,0.752337878085,0.572771924549,5460.80752865,0.398831984272,944.997859299,1249169.97304,136.850347616,97,0.170600179348,-1.8041936979,-0.428051043958,4.52688267295
83.2,15.865,6346,0.767427915334,0.574412709738,5467.834584,0.399345207712,952.672138453,1249465.16834,136.882687154,97,-0.647223805672,-1.93836222405,1.62175469851,4.85697222
83.7,15.84,6336,0.679205818734,0.576027684375,5474.5671123,0.399836920267,959.46419664,1249689.06816,136.907216056,86,-0.0595298842294,-1.03986224135,0.14897701574,2.60231605523
84.2,15.815,6326,0.843937732473,0.577699111017,5481.78686444,0.400364217386,967.903573965,1250020.1445,136.94348647,107,-1.21962518087,-2.67074979358,3.04829654317,6.67519619233
84.7,15.79,6316,0.688463393389,0.579333182613,5488.60257208,0.400862004972,974.788207899,1250255.01896,136.969217678,87,-0.0689263017389,-1.09947859895,0.17205203678,2.74448980392
85.2,15.765,6306,0.689910121312,0.581043765954,5496.09298215,0.401409069687,981.687309112,1250639.44841,137.011333086,94,0.591308866215,-1.09722319353,-1.47408746219,2.73529291579
85.7,15.74,6296,0.614543229299,0.582736301313,5503.3616296,0.401939937891,987.832741405,1250969.16623,137.047454671,83,1.12321515278,-0.326538508678,-2.79633171184,0.812943081022
86.2,15.715,6286,0.789819753089,0.584477129736,5511.03485628,0.40250035468,995.730938936,1251386.55124,137.09318046,105,-0.224970847953,-2.06213730606,0.559322674486,5.1268871664
86.7,15.69,6276,0.760077353163,0.586181735403,5518.31485708,0.40303205208,1003.33171247,1251710.34196,137.128652712,93,-0.320772730874,-1.74748581154,0.796424149251,4.33871014219
87.2,15.665,6266,0.82635307857,0.587918042586,5525.84168227,0.403581776385,1011.59524325,1252085.84556,137.169790267,113,-0.736705600156,-2.39303873905,1.82666246017,5.9335425568
87.7,15.64,6256,0.634912502429,0.589576516745,5532.58603313,0.404074352405,1017.94436828,1252279.90132,137.191049663,80,0.395225836611,-0.461658434499,-0.97869829132,1.14320542628
88.2,15.615,6246,0.783150948437,0.591365866658,5540.50680472,0.404652848724,1025.77587776,1252735.98705,137.241015233,95,0.0892621081985,-1.92680481531,-0.220747139638,4.76503031583
88.7,15.59,6236,0.988753150254,0.593150505517,5548.32982861,0.405224206004,1035.66340926,1253165.45846,137.288065125,123,-2.06450761975,-3.96495682126,5.09832352378,9.79150303891
89.2,15.565,6226,0.716927013167,0.594862807788,5555.42376193,0.405742313901,1042.8326794,1253425.93695,137.316601331,92,-0.0753368059239,-1.22921012545,0.185795107627,3.0314694757
89.7,15.54,6216,0.855517472741,0.596534360306,5562.08637549,0.406228920208,1051.38785412,1253585.0582,137.334033545,104,-1.8925611669,-2.59819511924,4.66164585001,6.39972208397
90.2,15.515,6206,0.887001384665,0.598394767666,5570.45689221,0.406840263819,1060.25786797,1254124.75238,137.393158674,114,-0.499497132515,-2.89537598192,1.2286706773,7.12209007253
90.7,15.49,6196,0.898106915796,0.600315607908,5579.3332599,0.407488552432,1069.23893713,1254773.43832,137.46422418,105,-0.104701462741,-2.98752560047,0.257147876022,7.33739379191
91.2,15.465,6186,0.766436102394,0.602296051503,5588.7050619,0.408173025263,1076.90329815,1255528.40372,137.546932923,100,1.70744097354,-1.65131161666,-4.18664068587,4.04901165339
91.7,15.44,6176,0.703993114406,0.60409310039,5596.31848201,0.408729074059,1083.9432293,1255883.49921,137.585834707,97,0.5734889673,-1.00799251316,-1.40405800836,2.467841652
92.2,15.415,6166,0.757119956476,0.605836851982,5603.38504398,0.409245182879,1091.51442886,1256111.58518,137.610822215,95,-0.504637596177,-1.52155648111,1.23387158434,3.72030407609
92.7,15.39,6156,0.609981563644,0.60761629531,5610.7288709,0.409781541842,1097.6142445,1256397.59878,137.64215587,83,1.24401128027,-0.0325568383822,-3.03777945877,0.0795012846334
93.2,15.365,6146,0.882613113561,0.609469758442,5618.70170307,0.410363840423,1106.44037563,1256820.01295,137.688432619,107,-0.853298958857,-2.74070839936,2.08084804794,6.68346968386
93.7,15.34,6136,0.790671038421,0.61133814006,5626.75624111,0.41095210642,1114.34708602,1257256.07531,137.736204569,93,0.147827651123,-1.80267852641,-0.359977549909,4.38973219341
94.2,15.315,6126,0.718535104934,0.613177563111,5634.48862743,0.411516843955,1121.53243707,1257615.58072,137.775589474,84,0.547035268498,-1.06277989185,-1.33022716116,2.58436477477
94.7,15.29,6116,0.719652415754,0.614945920779,5641.51387722,0.412029935526,1128.72896122,1257812.92428,137.797209058,92,-0.171274360584,-1.05591350378,0.41594324658,2.56430728671
95.2,15.265,6106,0.735646629315,0.616864648591,5649.86331644,0.412639739734,1136.08542752,1258301.02079,137.850681506,86,0.992972927398,-1.1974214432,-2.40817131316,2.90400260643
95.7,15.24,6096,0.708532927774,0.618681093984,5657.21992339,0.413177032091,1143.17075679,1258563.43104,137.879429343,92,0.271277670342,-0.907607663044,-0.65699239734,2.19808483918
96.2,15.215,6086,0.744501168743,0.620453640581,5664.12128486,0.413681075435,1150.61576848,1258720.3412,137.896619325,97,-0.54365021666,-1.24934475307,1.31497825736,3.0219084549
96.7,15.19,6076,0.738192499131,0.62233122171,5671.92675466,0.414251150647,1157.99769347,1259073.83325,137.935345448,94,0.423544810844,-1.1680082321,-1.02313884519,2.8215068705
97.2,15.165,6066,0.782219399701,0.624213605491,5679.71959636,0.414820303561,1165.81988747,1259419.96502,137.97326523,94,-0.0293522981406,-1.58947742752,0.0708076438806,3.83435569867
97.7,15.14,6056,0.771653746403,0.626184133179,5688.25666579,0.415443811408,1173.53642493,1259926.38152,138.028744689,93,0.820531967525,-1.46455708521,-1.97655650228,3.52793059173
98.2,15.115,6046,0.936020190355,0.628181313706,5696.976334,0.416080655419,1182.89662684,1260468.27176,138.088110403,109,-0.640533694361,-3.08838319801,1.54062500844,7.42824371674
98.7,15.09,6036,0.845492281367,0.630152106665,5705.39717375,0.41669567439,1191.35154965,1260939.09762,138.1396908,108,-0.0340830716744,-2.16326396195,0.0818540836342,5.19530607324
99.2,15.065,6026,0.757256533963,0.631976822729,5712.43850065,0.417209940159,1198.92411499,1261100.49662,138.157372549,104,-0.531238434445,-1.26192770338,1.27409727235,3.02654804421
99.7,15.04,6016,0.956384808343,0.63402880868,5721.47596953,0.417869994853,1208.48796307,1261697.87292,138.222816928,120,-0.526379204201,-3.23382887347,1.26066782863,7.74495647156
100.2,15.015,6006,0.646014368222,0.635842615872,5728.30612639,0.418368837744,1214.94810676,1261803.84143,138.234426099,81,0.370013175886,-0.110793448945,-0.884946169594,0.26498039705
100.7,14.99,5996,0.697815242911,0.637758953905,5736.00403142,0.418931056925,1221.92625919,1262096.62376,138.266501288,88,0.719752600557,-0.610152246965,-1.71922295737,1.45742821861
101.2,14.965,5986,0.93835715454,0.63993563692,5745.98208391,0.419659807472,1231.30983073,1262886.00385,138.352980264,116,0.594480945689,-2.99510870294,-1.41780925819,7.14319420851
101.7,14.94,5976,0.801539840812,0.641836663726,5753.42385364,0.420203319722,1239.32522914,1263112.89765,138.377837166,100,-0.573628679221,-1.60654439688,1.36600515167,3.82572908576
102.2,14.915,5966,0.801093936275,0.643768961965,5761.08844062,0.420763105509,1247.3361685,1263384.22325,138.407561705,99,-0.346352376862,-1.5829189542,0.823700843389,3.76452354508
102.7,14.89,5956,0.863271885467,0.645839597868,5769.93096735,0.421408922535,1255.96888736,1263909.03248,138.465056144,101,0.209807871735,-2.1846849607,-0.498254192134,5.18821544282
103.2,14.865,5946,0.703002807474,0.64781753815,5777.88462276,0.421989820534,1262.99891543,1264234.22366,138.500681821,85,0.923627333363,-0.561750439589,-2.1902506755,1.33211116143
103.7,14.84,5936,1.08807404464,0.64998610571,5787.47628525,0.422690350953,1273.87965588,1264912.72111,138.575013268,132,-1.28907795917,-4.39173201955,3.05222734637,10.3985678078
104.2,14.815,5926,0.729380687002,0.652040386268,5795.98699354,0.423311933504,1281.17346275,1265349.72372,138.622888226,90,1.21690142181,-0.783683058408,-2.87682774424,1.8526736223
104.7,14.79,5916,0.757489169632,0.653991655338,5803.52194947,0.423862251641,1288.74835444,1265568.96368,138.646906626,95,-0.03993576496,-1.04473923468,0.094279938318,2.46640951294
105.2,14.765,5906,0.741737676529,0.655999514008,5811.49969459,0.424444909041,1296.16573121,1265880.14663,138.680997658,86,0.560368360622,-0.867429102935,-1.32114494983,2.04508259069
105.7,14.74,5896,0.784402278251,0.658087354358,5820.12456194,0.425074829239,1304.00975399,1266327.39913,138.729995523,95,0.780844563306,-1.27359729429,-1.83832000157,2.99839364972
106.2,14.715,5886,1.08921516611,0.660274468008,5829.56327804,0.425764189164,1314.90190565,1266946.4732,138.797816959,124,-1.45343556247,-4.30035231335,3.41647604548,10.1084981303
106.7,14.69,5876,0.846343803331,0.662396771776,5838.36514644,0.426407036696,1323.36534369,1267421.8377,138.849894578,108,0.338430365136,-1.85009093242,-0.794277851367,4.34206383947
107.2,14.665,5866,0.778468013971,0.66443199353,5846.33711107,0.426989271916,1331.15002383,1267712.0955,138.881693197,100,0.187284493962,-1.1505446126,-0.438915641121,2.69638994448
107.7,14.64,5856,0.697727832359,0.666332508996,5853.06475902,0.427480628032,1338.12730215,1267728.09618,138.883446119,94,-0.249630375175,-0.323463044977,0.584292963838,0.757108108773
108.2,14.615,5846,0.822186718221,0.668367727357,5860.91660119,0.428054090067,1346.34916933,1267983.172,138.911390447,99,-0.370025010163,-1.54837424794,0.865014598087,3.61966432264
108.7,14.59,5836,0.790744934396,0.670418971105,5868.84767305,0.428633338669,1354.25661868,1268250.67042,138.940695707,97,0.0236225177604,-1.21352420476,-0.0551485103388,2.83306177739
109.2,14.565,5826,0.864931006895,0.672532593165,5877.26233167,0.429247906198,1362.90592875,1268617.80874,138.980916821,106,-0.234651452688,-1.93456110332,0.547048799801,4.51009067956
109.7,14.54,5816,1.13052317598,0.674872096249,5887.58416768,0.430001765095,1374.2111605,1269391.1562,139.065639374,122,-0.983395754072,-4.56821935188,2.28896393429,10.6330430013
110.2,14.515,5806,0.845727901617,0.677060071184,5896.51615994,0.430654116268,1382.66843952,1269859.25451,139.116920959,96,0.474713248213,-1.69762763444,-1.10314298314,3.94496260631
110.7,14.49,5796,0.782230807344,0.67921870583,5905.12742849,0.431283043273,1390.49074759,1270253.10732,139.160068725,104,0.788960476482,-1.04092334016,-1.83066820533,2.41531143805
111.2,14.465,5786,0.856000365327,0.681488799828,5914.6412937,0.43197789174,1399.05075125,1270835.79294,139.223903696,105,0.953861560588,-1.75647628907,-2.20990322138,4.06939829623
111.7,14.44,5776,0.965486510942,0.683741879225,5923.9396416,0.432656999825,1408.70561636,1271366.67111,139.282063005,112,-0.356517210377,-2.82872166756,0.824665332976,6.5431587255
112.2,14.415,5766,0.850378706128,0.68584827128,5931.9016983,0.433238511416,1417.20940342,1271605.63875,139.308242633,102,-0.541730360362,-1.65584491717,1.25126035031,3.82458367246
112.7,14.39,5756,0.824204644271,0.687988815163,5940.09543012,0.43383694348,1425.45144986,1271889.41575,139.339331261,101,-0.0483146245749,-1.37286987567,0.111442722319,3.16666760181
113.2,14.365,5746,0.935987766015,0.69033129197,5949.96540549,0.434557800576,1434.81132752,1272526.77601,139.409156005,105,0.510097710299,-2.46828783803,-1.17480607475,5.68471390442
113.7,14.34,5736,1.05019339275,0.692666578705,5959.70324318,0.435269006951,1445.31326145,1273130.15386,139.475257873,127,-0.76409623994,-3.58695516514,1.75689282815,8.24751579071
114.2,14.315,5726,0.969705771684,0.69505461188,5969.82406144,0.436008184446,1455.01031917,1273809.55471,139.549688289,115,0.423760543556,-2.75846284878,-0.972734160242,6.33199830321
114.7,14.29,5716,0.925368221663,0.697323494065,5978.85163811,0.43666751666,1464.26400138,1274250.06516,139.597947541,114,-0.226105544317,-2.29180154677,0.518189160143,5.25235558608
115.2,14.265,5706,0.839120149981,0.699599736345,5987.87414338,0.437326478482,1472.65520288,1274684.14132,139.645501898,107,0.631303766397,-1.40659523713,-1.44464096986,3.2187755178
115.7,14.24,5696,0.937100625471,0.701959835389,5997.54483356,0.438032780716,1482.02620914,1275250.68213,139.707568156,108,0.299683928872,-2.36321904742,-0.684710707571,5.39942662989
116.2,14.215,5686,0.853835721142,0.704180853235,6005.95849724,0.43864727558,1490.56456635,1275544.56901,139.739764352,106,-0.124693532601,-1.5076630939,0.284467592722,3.43948304304
116.7,14.19,5676,1.00555515333,0.706518041115,6015.29460206,0.439329141255,1500.62011788,1276029.06714,139.792842588,118,-0.719446717006,-3.00206740241,1.63887481078,6.83860601457
117.2,14.165,5666,0.8601950484,0.708827393549,6024.32401777,0.439988607784,1509.22206837,1276443.05107,139.838195779,111,0.427465232613,-1.5252333504,-0.972265675474,3.46912899704
117.7,14.14,5656,0.848575051479,0.711095525829,6032.93444113,0.44061747306,1517.70781888,1276762.97708,139.873244641,105,0.124672842167,-1.38614555195,-0.283152353541,3.14816257144
118.2,14.115,5646,1.00864526598,0.713572561416,6043.24602263,0.441370583014,1527.79427154,1277437.31578,139.947120484,125,0.225128842921,-2.96312382921,-0.510503155617,6.71919264395
118.7,14.09,5636,1.02728495215,0.715916742301,6052.36013941,0.442036235715,1538.06712106,1277852.7922,139.992637182,126,-1.15873274618,-3.12541324511,2.62332760312,7.07581870288
119.2,14.065,5626,0.893020715027,0.718295952565,6061.6995437,0.442718342368,1546.99732821,1278310.3316,140.042762008,113,0.409197137455,-1.75915420465,-0.924995806955,3.97659248843
119.7,14.04,5616,0.868553947008,0.720666526987,6070.89482334,0.443389922827,1555.68286768,1278731.94843,140.088951405,111,0.509740174782,-1.4907374787,-1.15051443442,3.36468473945
120.2,14.015,5606,1.06803639111,0.723113388773,6080.6604862,0.444103161422,1566.36323159,1279268.06488,140.147684584,125,-0.914701057429,-3.46147542602,2.06131422016,7.80056878742
120.7,13.99,5596,0.995130681864,0.725512582533,6089.95261778,0.444781815497,1576.31453841,1279698.88581,140.194882319,116,-0.659175230134,-2.70818755235,1.4831507951,6.09344880986
121.2,13.965,5586,0.916509423382,0.727891160261,6099.00003182,0.44544259654,1585.47963265,1280072.78438,140.235844038,110,-0.117680194607,-1.89808587987,0.26438321173,4.26428629502
121.7,13.94,5576,0.876413476225,0.730250457374,6107.81482547,0.446086388071,1594.24376741,1280392.47417,140.270867021,108,0.0506588878615,-1.47343682412,-0.113644959919,3.30541541454
122.2,13.915,5566,1.12265367031,0.732826748827,6118.37052596,0.446857327341,1605.47030411,1281071.34326,140.345239183,134,-0.670836216221,-3.91116289177,1.50252743738,8.76015548183
122.7,13.89,5556,0.792471643267,0.735220794671,6127.33010279,0.447511693163,1613.39502054,1281410.20123,140.382362098,93,1.0348603998,-0.58448909857,-2.31416870681,1.30704236209
123.2,13.865,5546,0.961527707874,0.73774123761,6137.26935567,0.448237609967,1623.01029762,1281948.27416,140.441309615,107,0.323975803781,-2.25047845275,-0.723362669998,5.02479531915
123.7,13.84,5536,0.970728504218,0.740237590548,6146.93295191,0.448943394092,1632.71758266,1282422.91996,140.493308497,120,-0.0436888051793,-2.31740215215,0.0973912844379,5.16596348265
124.2,13.815,5526,0.911996495152,0.742735800415,6156.53704964,0.449644832722,1641.83754762,1282879.38203,140.543315297,108,0.48413277282,-1.70510921945,-1.07754087662,3.79508470858
124.7,13.79,5516,0.82838501198,0.74516390691,6165.48616578,0.450298434544,1650.12139774,1283193.76354,140.577756742,107,0.6652660201,-0.84436211761,-1.47846213044,1.87647854775
125.2,13.765,5506,1.07232674727,0.747838709778,6176.39990406,0.451095523229,1660.84466521,1283911.09897,140.656343007,126,0.190470808938,-3.25826731963,-0.422613902159,7.22939685035
125.7,13.74,5496,0.900202107584,0.750315358691,6185.59981705,0.451767442086,1669.84668628,1284266.17172,140.695242301,106,0.197891912416,-1.51126162457,-0.438365333429,3.3477098577
126.2,13.715,5486,0.978687668637,0.752944732976,6195.98220766,0.45252572361,1679.63356297,1284860.87612,140.760393966,116,0.595513929925,-2.27058855536,-1.31708156716,5.02179744688
126.7,13.69,5476,1.17933603504,0.755604580798,6206.53602667,0.453296525465,1691.42692332,1285484.905,140.828758216,125,-1.23954134159,-4.25062636867,2.73683129965,9.38512246307
127.2,13.665,5466,0.937971454808,0.75824445109,6216.84625449,0.454049536553,1700.80663787,1286052.26823,140.890914574,106,0.930513269001,-1.81048171133,-2.0510658677,3.99071927925
127.7,13.64,5456,1.05591220516,0.760802480004,6226.40749635,0.454747845191,1711.36575992,1286458.72178,140.935442789,119,-0.997880186731,-2.96389886595,2.19604547015,6.52268354968
128.2,13.615,5446,1.21425032379,0.763568014202,6237.58710802,0.455564352032,1723.50826316,1287193.35536,141.015924119,131,-0.962891574465,-4.52066431096,2.11551943916,9.93211850781
128.7,13.59,5436,0.822248877585,0.766083240358,6246.64274188,0.456225733412,1731.73075193,1287483.60722,141.047722088,105,0.833145089364,-0.574243495187,-1.82749319753,1.259595831
129.2,13.565,5426,1.09485412131,0.768671209501,6256.21497413,0.456924844736,1742.67929315,1287874.65738,141.090562815,128,-1.37630896517,-3.27478057897,3.01441842803,7.17248755537
129.7,13.54,5416,0.972045355666,0.771210203622,6265.31169422,0.457589226864,1752.3997467,1288162.12699,141.122055981,117,-0.623733463704,-2.02105761716,1.36407625224,4.41995958274
130.2,13.515,5406,1.14108688028,0.773998168291,6276.35114667,0.458395497128,1763.81061551,1288842.95462,141.196642706,129,-0.371416354415,-3.68484047638,0.810966263272,8.04563739954
130.7,13.49,5396,1.02122328018,0.776564752934,6285.51511025,0.459064790407,1774.02284831,1289132.55622,141.228369437,121,-1.04826922179,-2.4594294867,2.28515443345,5.36138625316
131.2,13.465,5386,0.97262579508,0.779325913974,6296.174059,0.45984327045,1783.74910626,1289722.76599,141.293028701,116,0.932690796943,-1.94681774015,-2.02999807418,4.23724161987
131.7,13.44,5376,0.903259578202,0.782048501617,6306.43911704,0.460592982548,1792.78170204,1290225.99705,141.348159186,107,1.23246226015,-1.2257363764,-2.67799590931,2.66338135294
132.2,13.415,5366,0.976452404781,0.784804726814,6316.89324613,0.461356503515,1802.54622609,1290761.66125,141.406842819,113,0.689605038522,-1.93027086172,-1.49597141481,4.18736794347
132.7,13.39,5356,1.30524809607,0.787605101488,6327.61938536,0.462139890838,1815.59870705,1291346.53353,141.470917345,151,-2.3263417308,-5.19044517139,5.03811762564,11.2408563869
133.2,13.365,5346,1.09704242671,0.790434682619,6338.49571992,0.46293424773,1826.56913132,1291955.56995,141.537639127,135,-0.094089705513,-3.08023894336,0.203420896964,6.65944234075
133.7,13.34,5336,1.10507124264,0.793377733987,6350.19538283,0.463788736695,1837.61984374,1292725.6798,141.62200699,130,0.648950484581,-3.1316651214,-1.40052744021,6.758578721
134.2,13.315,5326,0.844054193863,0.79599010719,6359.16496634,0.464443833358,1846.06038568,1292933.75463,141.644802216,106,0.52904157286,-0.49371414257,-1.13989013083,1.06377250378
134.7,13.29,5316,1.05441407535,0.798843485783,6369.97795563,0.465233563806,1856.60452644,1293510.57968,141.707995145,126,0.268848537889,-2.56998644873,-0.578369526266,5.52877042417
135.2,13.265,5306,0.998624033012,0.801490607204,6379.06374274,0.465897147439,1866.59076677,1293730.58848,141.732097773,120,-0.900453225586,-1.98458149995,1.93410702646,4.26273449255
135.7,13.24,5296,0.974483933357,0.804390244279,6390.07610055,0.466701438837,1876.3356061,1294335.18019,141.798332624,114,1.26751847999,-1.71544910018,-2.71825091447,3.67885846156
136.2,13.215,5286,1.18845891448,0.807303789258,6401.11174502,0.467507430983,1888.22019524,1294937.84146,141.864355988,146,-0.848944671467,-3.82613308293,1.8174622376,8.19117267356
136.7,13.19,5276,1.17806226574,0.810153238431,6411.55272894,0.468269991889,1900.0008179,1295413.69423,141.916487098,134,-1.33963873808,-3.69335090268,2.86315678353,7.89365251268
137.2,13.165,5266,1.08533833231,0.812959793346,6421.56940764,0.469001563515,1910.85420123,1295797.56186,141.958540957,121,-0.836704622508,-2.73783107555,1.78540491853,5.84212987105
137.7,13.14,5256,1.04489389097,0.815912012726,6432.65030833,0.469810860965,1921.30314013,1296389.74895,142.023416844,130,0.631961774905,-2.30459420083,-1.34630040768,4.9095945915
138.2,13.115,5246,1.04103335943,0.818882395888,6443.78557325,0.470624128925,1931.71347373,1296986.17043,142.088756621,127,0.724931322781,-2.23637599867,-1.54169364299,4.75604592069
138.7,13.09,5236,1.1314261744,0.821961059298,6455.68215973,0.471493000272,1943.02773547,1297728.88993,142.170123787,136,0.58232473761,-3.11006003739,-1.23620454307,6.60227893327
139.2,13.065,5226,0.869846568447,0.824808181965,6465.67133842,0.472222563426,1951.72620116,1298081.52669,142.208756211,107,1.29071301241,-0.464632567562,-2.73538566504,0.984687728877
139.7,13.04,5216,0.969296919374,0.827751311513,6476.32626128,0.473000749436,1961.41917035,1298561.47825,142.261336355,115,0.961953663032,-1.43018570035,-2.03539978319,3.02613293788
140.2,13.015,5206,0.964063869884,0.830695160406,6486.89850761,0.473772897138,1971.05980905,1299018.35179,142.311388233,118,0.931607633893,-1.3484202617,-1.96796274857,2.84845330577
140.7,12.99,5196,1.2954130062,0.833918800062,6499.56312768,0.474697862086,1984.01393911,1299887.20453,142.406573677,143,-0.289509996171,-4.6310772058,0.610477430866,9.7653557809
141.2,12.965,5186,1.00845892211,0.836913280159,6510.34840636,0.475485568679,1994.09852833,1300373.10925,142.459806009,122,0.700689456438,-1.73044312867,-1.47485092615,3.64233488532
141.7,12.94,5176,1.12272671744,0.839995101548,6521.72196842,0.476316240755,2005.32579551,1300969.75317,142.525170154,126,0.146294885643,-2.84274042132,-0.307406193586,5.97338730215
142.2,12.915,5166,1.23474526669,0.84326277218,6534.44322162,0.477245341924,2017.67324817,1301827.96799,142.619190183,137,0.373800535056,-3.93118049902,-0.78400921733,8.24525771682
142.7,12.89,5156,0.949241250561,0.846145311951,6544.08784263,0.477949740186,2027.16566068,1302066.40511,142.645311691,104,0.15220850102,-1.04538515361,-0.318696157196,2.18884115547
143.2,12.865,5146,0.997251798128,0.84909897071,6554.19495491,0.47868791666,2037.13817866,1302390.69349,142.680838463,120,0.134594302281,-1.49631024716,-0.281390349455,3.12826959394
143.7,12.84,5136,1.30872066964,0.852447081063,6567.25231251,0.479641565331,2050.22538536,1303294.17167,142.77981723,147,-0.0298490931109,-4.57949434648,0.0622940098824,9.55724400123
144.2,12.815,5126,1.14282560981,0.855551366005,6578.33445321,0.480450953346,2061.65364146,1303798.34509,142.835050952,142,-0.346115401118,-2.88827891012,0.721004266537,6.01666788135
144.7,12.79,5116,1.28287965617,0.858876163743,6591.01568056,0.481377131213,2074.48243802,1304612.22262,142.924213696,130,-0.147569206716,-4.25667633974,0.306851523854,8.85122072869
145.2,12.765,5106,1.23562400354,0.862109600341,6602.89742901,0.482244918859,2086.83867805,1305260.40971,142.995224552,141,-0.474491586135,-3.75132749794,0.984808486065,7.7858897016
145.7,12.74,5096,1.18698413711,0.865288506137,6614.26534091,0.483075178273,2098.70851942,1305799.90833,143.054328257,135,-0.501929469907,-3.23286645556,1.03992338168,6.69801957954
146.2,12.715,5086,1.18921734396,0.86842686219,6625.22853165,0.483875878736,2110.60069286,1306252.62137,143.103924339,132,-0.928982705323,-3.22361172789,1.92146789352,6.66757992459
146.7,12.69,5076,1.0847901749,0.871578620491,6636.19961642,0.484677155742,2121.44859461,1306700.09996,143.152946972,134,0.123183023487,-2.14788953779,-0.254365056124,4.43525436674
147.2,12.665,5066,1.10542244346,0.87472732313,6647.05292846,0.485469831176,2132.50281905,1307117.61756,143.198687287,124,-0.200912391923,-2.32270982524,0.414189591128,4.78836682803
147.7,12.64,5056,1.15501668957,0.877982947444,6658.62267342,0.486314831538,2144.05298594,1307669.08447,143.259102154,133,0.0195780555388,-2.78663168945,-0.0402929914208,5.73508061275
148.2,12.615,5046,1.26647369926,0.881367486658,6671.07050652,0.487223963374,2156.71772294,1308385.64057,143.337603043,134,-0.216903890286,-3.86800231905,0.445598863486,7.94627258671
148.7,12.59,5036,1.29683765462,0.884712263858,6683.11644119,0.488103742418,2169.68609948,1309015.88432,143.406648151,135,-0.922441878444,-4.13799475286,1.89155270165,8.4853423691
149.2,12.565,5026,1.19682129293,0.888145160582,6695.72636562,0.489024712652,2181.65431241,1309749.05612,143.486969338,127,0.641711509832,-3.10394368138,-1.31346396987,6.35319474174
149.7,12.54,5016,1.30088798976,0.891500285173,6707.64814564,0.489895424017,2194.66319231,1310340.10295,143.551720306,141,-1.0870998791,-4.11066957688,2.22101852517,8.39837576714
150.2,12.515,5006,1.15737629291,0.894723133893,6718.4760124,0.490686241046,2206.23695524,1310710.3898,143.592286349,137,-0.745896169991,-2.64266129619,1.52133411539,5.38998716852
150.7,12.49,4996,1.0880505396,0.89795475861,6729.27296103,0.491474799958,2217.11746063,1311067.8642,143.631448752,127,-0.0835567733291,-1.91713142171,0.170148824563,3.90390443455
151.2,12.465,4986,1.24728339445,0.901419466697,6741.71619143,0.492383595635,2229.59029458,1311738.87514,143.704960029,135,-0.0296035418939,-3.47598070199,0.0601784606942,7.06601827573
151.7,12.44,4976,1.05894940476,0.904814168754,6753.53295558,0.49324663713,2240.17978863,1312280.51037,143.764297806,118,1.22727010722,-1.55834289522,-2.49032561385,3.16212478761
152.2,12.415,4966,1.32643748085,0.908379243313,6766.51698344,0.494194930137,2253.44416343,1313041.32264,143.84764709,148,-0.280346949757,-4.19842661183,0.567824890201,8.503645686
152.7,12.39,4956,1.15133122984,0.911666858998,6777.33142979,0.494984767002,2264.95747573,1313373.74542,143.884065011,126,-0.69886595098,-2.41309757118,1.4130212195,4.87898726219
153.2,12.365,4946,1.26408849188,0.915179554846,6789.71711741,0.495889360021,2277.59836065,1314003.4216,143.953047941,149,-0.255197302218,-3.50667092248,0.515095298703,7.07793417317
153.7,12.34,4936,1.30580787141,0.919081116244,6804.87658467,0.496996537005,2290.65643937,1315161.52387,144.079921546,145,2.1013885546,-3.88679825226,-4.23289032686,7.82929491475
154.2,12.315,4926,1.29673141581,0.922494482085,6816.31172812,0.497831706699,2303.62375352,1315591.69412,144.127047998,150,-1.53217070836,-3.75945300277,3.08027183195,7.55799410917
154.7,12.29,4916,1.10928085118,0.926076404631,6828.88740775,0.498750175851,2314.71656204,1316234.51841,144.197471342,128,1.48287111662,-1.84997265523,-2.9759142577,3.71263553477
155.2,12.265,4906,1.3881432098,0.929753149667,6842.0534284,0.499711760765,2328.59799413,1316983.18918,144.279490489,146,-0.71541145136,-4.60230390772,1.43302698906,9.218786894
155.7,12.24,4896,1.16990295865,0.933124226176,6852.86431703,0.500501337791,2340.29702372,1317271.04843,144.31102634,138,-0.888140951557,-2.38465891732,1.77590346065,4.76830171642
156.2,12.215,4886,1.24972569962,0.93692211352,6866.70216999,0.501511990212,2352.79428072,1318133.0837,144.40546491,134,1.34059595542,-3.14704614564,-2.67580463843,6.28144568079
156.7,12.19,4876,1.12331464493,0.940465019782,6878.56115469,0.5023781153,2364.02742717,1318607.29785,144.457416504,127,0.625838250434,-1.84622858831,-1.24682621534,3.67814878973
157.2,12.165,4866,1.42205614782,0.944386928631,6893.08019208,0.503438518265,2378.24798864,1319583.2928,144.564339702,157,0.298475917096,-4.79632393425,-0.593499664125,9.53717362429
157.7,12.14,4856,1.25663138067,0.948015848009,6905.3474369,0.504334460773,2390.81430245,1320119.95004,144.623132125,143,-0.299068986617,-3.10431848191,0.593524519586,6.16074958642
158.2,12.115,4846,1.23812907373,0.951716076375,6918.02415917,0.505260309609,2403.19559319,1320727.09772,144.68964699,136,0.295431533273,-2.88265037468,-0.585247748781,5.71050971983
158.7,12.09,4836,1.06946066925,0.955366010471,6930.22503996,0.506151405197,2413.89019988,1321235.6185,144.745356978,126,1.50627409233,-1.15921487355,-2.97855773328,2.29227100414
159.2,12.065,4826,1.13317477442,0.959034692655,6942.45214013,0.507044415727,2425.22194762,1321741.46239,144.800773706,127,0.895352432459,-1.75976296198,-1.76738279801,3.4736877623
159.7,12.04,4816,1.17170229812,0.962655680785,6954.22463799,0.507904224218,2436.93897061,1322153.18367,144.845879017,135,0.0554748781315,-2.10858926229,-0.109315636177,4.15506593989
160.2,12.015,4806,1.38301074958,0.966553111899,6967.88138368,0.508901649407,2450.7690781,1322915.18303,144.929358352,146,-0.173361807919,-4.18408469257,0.340992931721,8.22985940797
160.7,11.99,4796,1.38911207098,0.970499480989,6981.77326624,0.509916247899,2464.66019881,1323713.29714,145.016794165,150,0.000761848286672,-4.20587938585,-0.00149555340299,8.25639085644
161.2,11.965,4786,1.3886204092,0.974480347537,6995.79441497,0.510940287392,2478.5464029,1324527.28428,145.105968917,147,0.13494463886,-4.16132689433,-0.264375324436,8.15261841497
161.7,11.94,4776,1.34477192437,0.978398902289,7009.249736,0.511923001461,2491.99412215,1325225.61083,145.182472703,147,0.00760178817354,-3.68334406497,-0.0148637423131,7.2020261263
162.2,11.915,4766,1.42604795262,0.982380096142,7023.03530732,0.512929835475,2506.25460167,1325977.89683,145.264887908,149,-0.47490820953,-4.45660624129,0.926783226654,8.69706572627
162.7,11.89,4756,1.56446436797,0.986536820459,7037.95367715,0.514019403824,2521.89924535,1326935.18182,145.369761374,170,-0.726273844109,-5.80008290209,1.41442987894,11.2957538311
163.2,11.865,4746,1.25272523398,0.990411386877,7050.73866318,0.514953159741,2534.42649769,1327481.61385,145.429624655,142,0.257733686613,-2.64253155139,-0.500953467058,5.13625269508
163.7,11.84,4736,1.2899814526,0.994258579161,7063.21294636,0.515864223368,2547.32631222,1327961.55819,145.482204008,155,-0.425531347958,-2.9764845517,0.825619270554,5.77499875434
164.2,11.815,4726,1.26683537428,0.998175437707,7076.0656779,0.516802927104,2559.99466596,1328504.63633,145.541699861,135,0.184377803707,-2.70620418727,-0.357090479004,5.24119351725
164.7,11.79,4716,1.42338975509,1.00233523083,7090.51942289,0.517858561415,2574.22856351,1329339.74488,145.633188527,160,0.219847440189,-4.23136751169,-0.424964962219,8.17923071197
165.2,11.765,4706,1.37608960276,1.00627171434,7103.27203154,0.518789952639,2587.98945954,1329847.38363,145.688801888,151,-1.00828738426,-3.717881852,1.94528303584,7.17288801671
165.7,11.74,4696,1.53895408223,1.01037853571,7117.10640553,0.519800350974,2603.37900036,1330549.16055,145.765683671,179,-1.55516682818,-5.30631197451,2.99476477447,10.2182967741
166.2,11.715,4686,1.50702079617,1.01452460706,7131.09346299,0.520821900598,2618.44920832,1331270.75703,145.844736748,168,-1.08315049974,-4.94571500268,2.08173618834,9.50530318798
166.7,11.69,4676,1.43001865099,1.01881360548,7145.95862885,0.521907583176,2632.74939483,1332147.2732,145.940761745,154,0.564979342857,-4.13351985881,-1.08365468062,7.92826888111
167.2,11.665,4666,1.49767497318,1.02303863009,7160.247372,0.522951166521,2647.72614457,1332907.23039,146.024017352,159,-0.688006575026,-4.76751201892,1.31693700268,9.12565841135
167.7,11.64,4656,1.46849378251,1.02742771394,7175.55515415,0.524069175734,2662.41108239,1333847.65311,146.127043504,155,0.622844316793,-4.43263153184,-1.18974635288,8.4671354566
168.2,11.615,4646,1.47904343717,1.03162763754,7189.41300598,0.525081288781,2677.20151676,1334509.4216,146.199542244,156,-0.932582533519,-4.49518052249,1.77778605655,8.56918177998
168.7,11.59,4636,1.4511657686,1.03596071935,7204.07084236,0.526151828978,2691.71317445,1335310.71519,146.28732638,161,0.146178693846,-4.17374031029,-0.278108996713,7.94065605388
169.2,11.565,4626,1.33242392134,1.04007707361,7217.09481376,0.527103039275,2705.03741366,1335800.40478,146.340973354,151,-0.300267820979,-2.94407197777,0.570171247302,5.59042652734
169.7,11.54,4616,1.41368895789,1.04430541061,7230.77066307,0.528101859704,2719.17430324,1336402.24038,146.406906264,152,-0.461040262919,-3.71500005073,0.873840262427,7.04128658675
170.2,11.515,4606,1.51301969016,1.04866145097,7245.20196474,0.52915585486,2734.30450014,1337134.80339,146.487160757,170,-0.698895236933,-4.66538689048,1.32209058833,8.82544875524
170.7,11.49,4596,1.61183971918,1.05270472959,7257.3464058,0.530042828352,2750.42289733,1337436.81658,146.520247215,169,-3.97395613174,-5.61158696121,7.50370293077,10.5959100028
171.2,11.465,4586,1.32360159757,1.05725402284,7272.85042313,0.531175169671,2763.65891331,1338349.15882,146.620197066,156,2.26800135672,-2.68624869933,-4.27433639638,5.06257659469
171.7,11.44,4576,1.29312833967,1.06178421145,7288.08682741,0.532287965777,2776.59019671,1339202.61747,146.713696042,141,2.30512088713,-2.3361183015,-4.33512137901,4.39341660962
172.2,11.415,4566,1.39561633689,1.06622364795,7302.5657648,0.533345440023,2790.54636008,1339907.51376,146.790919562,156,0.522774018422,-3.31614886141,-0.981151708601,6.22380800632
172.7,11.39,4556,1.36876114136,1.07067033512,7316.96107021,0.534396806179,2804.23397149,1340587.90129,146.865458072,156,0.707693992496,-3.00316624399,-1.32558956998,5.62526443938
173.2,11.365,4546,1.41549461541,1.07524896051,7332.12266169,0.535504138306,2818.38891764,1341399.32569,146.954352069,153,1.0066453272,-3.42537592435,-1.8817542547,6.40316459577
173.7,11.34,4536,1.55866477019,1.07996595426,7348.08835277,0.536670198128,2833.97556535,1342348.06505,147.058289335,168,0.37904338086,-4.81060103689,-0.707055500172,8.97354259175
174.2,11.315,4526,1.51745476436,1.08456669468,7363.12329018,0.537768280031,2849.15011299,1343117.0014,147.142528637,166,-0.139610229827,-4.35191062528,0.259875707478,8.10080933203
174.7,11.29,4516,1.57352641814,1.08930984176,7378.98486811,0.538926735912,2864.88537717,1344026.96771,147.242218198,163,0.126313742609,-4.86590941673,-0.234632353153,9.03860302997
175.2,11.265,4506,1.3254099136,1.09378643001,7392.90248041,0.539943213585,2878.13947631,1344573.38373,147.302079726,152,0.663513166785,-2.33864223448,-1.2300151044,4.33535522158
175.7,11.24,4496,1.45652322635,1.09850309713,7408.30488706,0.541068133732,2892.70470857,1345380.48329,147.390499922,157,0.83717438793,-3.60381187654,-1.54887252573,6.66748204906
176.2,11.215,4486,1.54398053922,1.10330654164,7424.14971871,0.542225366543,2908.14451396,1346258.03571,147.486638443,163,0.405026253233,-4.43078541621,-0.747768269873,8.18021231566
176.7,11.19,4476,1.3320344523,1.10788180147,7438.31841506,0.543260182228,2921.46485848,1346822.0716,147.54843028,153,0.84835183194,-2.26442803717,-1.56308268295,4.17219379794
177.2,11.165,4466,1.53390065807,1.11262476091,7453.47327334,0.544367022593,2936.80386507,1347555.26522,147.628753859,163,-0.184148306997,-4.23650089279,0.338623944273,7.79035477233
177.7,11.14,4456,1.58224315245,1.11749000681,7469.30320549,0.545523167214,2952.62629659,1348400.64545,147.721367819,168,0.00750062954272,-4.67188621978,-0.0137640096459,8.57313197875
178.2,11.115,4446,1.53922406024,1.12229299563,7484.57198786,0.546638328065,2968.01853719,1349134.81539,147.801798356,166,-0.12345822916,-4.19335316277,0.226080537894,7.67899835491
178.7,11.09,4436,1.62199292047,1.12715945453,7500.11901044,0.547773810286,2984.2384664,1349909.29373,147.8866448,170,-0.672906629078,-4.97269517522,1.22971338767,9.08742694084
179.2,11.065,4426,1.84296049229,1.13231633065,7517.4481192,0.549039447795,3002.66807132,1350994.10361,148.005489002,194,-1.10049615805,-7.13225798881,2.00671563722,13.0054189923
179.7,11.04,4416,1.77037656726,1.13745401091,7534.49536828,0.550284499582,3020.37183699,1352017.42117,148.117596535,181,-0.656516595285,-6.35494546755,1.19440060748,11.5615519569
180.2,11.015,4406,1.4894612153,1.14229051697,7549.39802668,0.551372920441,3035.26644915,1352645.70987,148.186427462,152,0.00804624255315,-3.49591689203,-0.014607522097,6.34664974518
180.7,10.99,4396,1.58740872827,1.14730719666,7565.34365478,0.552537514956,3051.14053643,1353450.95862,148.274644897,166,0.0715408199737,-4.42612820213,-0.129613449932,8.01899875244
181.2,10.965,4386,1.4879671517,1.15206861072,7579.45938992,0.5535684626,3066.02020795,1353919.12473,148.32593391,153,-0.763936378644,-3.38281870753,1.38130774834,6.11662675398
181.7,10.94,4376,1.539510747,1.15718284419,7595.74818925,0.554758120746,3081.41531542,1354765.64584,148.418672857,169,0.893691864044,-3.84888062214,-1.61268686951,6.94539078999
182.2,10.915,4366,1.66035873228,1.16248945555,7613.14344441,0.556028589279,3098.01890274,1355798.78767,148.531856668,176,0.791667837825,-5.00525870182,-1.4254182746,9.01209684387
182.7,10.89,4356,1.56691990088,1.16740893404,7627.84997499,0.557102685874,3113.68810175,1356342.79397,148.591454204,173,-0.96266843094,-4.01973472225,1.72965840135,7.22239112669
183.2,10.865,4346,1.65793227979,1.17258321616,7644.06998617,0.558287320054,3130.26742454,1357145.91425,148.679438459,171,-0.359311613793,-4.87939272598,0.644279779958,8.74921363836
183.7,10.84,4336,1.62177172089,1.17776240513,7660.16668298,0.559462947924,3146.48514175,1357916.74296,148.763885074,173,-0.121020408402,-4.46601966832,0.216542839432,7.99108673246
184.2,10.815,4326,1.63467828275,1.18307105362,7676.94806695,0.560688582161,3162.83192458,1358798.37987,148.860471064,174,0.434601144209,-4.54264762976,-0.775968487364,8.11077342262
184.7,10.79,4316,1.64259070031,1.18847643356,7694.1964309,0.561948322443,3179.25783158,1359751.77526,148.964918412,169,0.822456946342,-4.56820278822,-1.46522342704,8.13834423131
185.2,10.765,4306,2.08569733434,1.19416001441,7713.07953309,0.563327456404,3200.11480493,1360982.58337,149.099757162,204,-1.97387115034,-8.94382817611,3.50824426766,15.8962422265
185.690196078,10.7404901961,4296.19607843,1.46022414249,1.19913140753,7727.55547582,0.564384711935,3214.43072789,1361466.42394,149.152763359,170,0.160019765599,-2.58412920543,-0.283795404699,4.58295880453
186.190196078,10.7154901961,4286.19607843,1.6911980804,1.2047113249,7745.44343467,0.565691165255,3231.3427087,1362499.60162,149.265951098,189,0.97597804506,-4.89280217974,-1.72727878678,8.65924541616
186.690196078,10.6904901961,4276.19607843,1.5779990281,1.21021525014,7762.67656005,0.566949792584,3247.12269898,1363406.33028,149.365285964,176,1.45313510318,-3.7053911494,-2.56592363737,6.54292275721
187.190196078,10.6654901961,4266.19607843,1.75662610401,1.21588136814,7780.78248688,0.56827216527,3264.68896002,1364455.02085,149.480173187,176,0.539665782134,-5.43581376155,-0.950766990368,9.57665366486
187.690196078,10.6404901961,4256.19607843,1.92137075097,1.22142716697,7797.95027725,0.569526020833,3283.90266753,1365327.8657,149.57579598,199,-2.04591713899,-7.02719872748,3.5962742145,12.3522762003
188.190196078,10.6154901961,4246.19607843,1.79576245401,1.22716974242,7816.20502176,0.570859262471,3301.86029207,1366379.63368,149.691020342,195,0.297119972694,-5.71467643533,-0.521086999356,10.0223608968
188.690196078,10.5904901961,4236.19607843,1.65430946271,1.23256409968,7832.07480824,0.572018317867,3318.40338669,1367003.4286,149.759358962,178,-0.673308146591,-4.24445695699,1.1782681858,7.42766684728
189.190196078,10.5654901961,4226.19607843,1.72712631192,1.23824160471,7849.57772095,0.573296649207,3335.67464981,1367901.40818,149.857735339,167,0.231649587405,-4.91726966055,-0.404516825615,8.58675526281
189.690196078,10.5404901961,4216.19607843,1.72460167279,1.24384932265,7866.46895447,0.574530306344,3352.92066654,1368681.63722,149.94321179,175,-0.354783205971,-4.8355960026,0.618182391092,8.42565332554
190.190196078,10.5154901961,4206.19607843,1.69895983611,1.24957264115,7883.92131439,0.575804945544,3369.9102649,1369548.33684,150.038161354,177,0.46276156364,-4.52252380319,-0.80456816894,7.86296654956
190.690196078,10.4904901961,4196.19607843,1.58462011762,1.25527629094,7901.07817406,0.577058002779,3385.75646608,1370352.45473,150.1262549,165,1.31065848678,-3.32199129938,-2.27374552835,5.76302899526
191.190196078,10.4654901961,4186.19607843,1.96955567923,1.26129408273,7920.03651434,0.57844263178,3405.45202287,1371457.33785,150.247298187,205,-0.737216510651,-7.11274392427,1.27601229909,12.3111034499
191.678000956,10.4410999522,4176.43998087,1.7635521819,1.26707190501,7937.77464406,0.579738142277,3422.65741001,1372392.49889,150.349747907,184,0.532742578964,-4.8719292009,-0.919964466511,8.4130721387
192.178000956,10.4160999522,4166.43998087,1.54728310316,1.27271113783,7954.01185311,0.580924032509,3438.13024104,1373003.76498,150.416713955,168,0.764378021329,-2.77394918285,-1.31714126287,4.77994242099
192.678000956,10.3910999522,4156.43998087,2.09531040561,1.279125987,7974.91558942,0.582450744188,3459.0833451,1374408.53996,150.570611302,209,-0.0493677492032,-8.19396282951,0.0848698978043,14.0865402855
193.156469856,10.3671765072,4146.87060288,1.7902908277,1.28471173084,7991.29996469,0.583647382756,3476.21531474,1375117.5658,150.648287226,190,-0.747594368421,-4.86483465033,1.28221519467,8.3437826336
193.656469856,10.3421765072,4136.87060288,1.69347840467,1.29062891096,8008.74720146,0.584921647784,3493.15009879,1375903.42183,150.73438013,176,0.512452720645,-4.0581172137,-0.877060245912,6.94544713688
194.156469856,10.3171765072,4126.87060288,1.96029110618,1.29679746448,8027.57300106,0.58629659663,3512.75300985,1376914.28573,150.845123327,210,-0.777111460346,-6.66581884104,1.32701392597,11.3827100506
194.632660332,10.2933669834,4117.34679336,2.00529136709,1.30268079733,8045.38290547,0.587597349217,3531.85102287,1377845.19071,150.947106782,206,-1.28810860553,-6.7195792535,2.1945911044,11.4483583075
195.094981183,10.2702509409,4108.10037634,1.67864159006,1.30839058695,8062.49979401,0.588847487146,3547.37244303,1378708.61234,151.041697233,171,1.59546837236,-3.44992375452,-2.71235560401,5.86499876217
195.594981183,10.2452509409,4098.10037634,1.74837967732,1.31450365479,8080.45188362,0.590158624278,3564.8562398,1379535.19202,151.132251536,191,0.468292837465,-4.36936372008,-0.794385767685,7.41194414132
196.094981183,10.2202509409,4088.10037634,1.9476015271,1.32069431343,8098.69637968,0.591491117417,3584.33225507,1380399.81448,151.22697354,201,-1.23151920781,-6.30006442088,2.08440651126,10.6631672628
196.592493621,10.195375319,4078.15012759,2.14826531545,1.32750465951,8120.64494485,0.593094138537,3605.70802936,1381894.0161,151.390667846,218,0.572790890232,-8.2007031766,-0.96707415081,13.8456951669
197.04892705,10.1725536475,4069.021459,1.97130213374,1.33316146217,8136.99389686,0.594288189954,3623.70339321,1382609.01627,151.468998277,165,-1.64641185398,-5.85122359781,2.77317897441,9.85566899121
197.54892705,10.1475536475,4059.021459,1.76760909487,1.33958919646,8156.131942,0.595685943763,3641.37948416,1383589.36537,151.576398485,188,1.46195419395,-4.31237925496,-2.45711928105,7.24785376887
198.04892705,10.1225536475,4049.021459,1.92010857468,1.34588648722,8174.28490219,0.597011751547,3660.58056991,1384390.35065,151.664148844,206,-1.04812555977,-5.77374683079,1.75757119997,9.6818277649
198.534363943,10.0982818028,4039.31272114,2.01142333435,1.35206517297,8192.12107945,0.598314422981,3680.1089518,1385192.36257,151.752011675,194,-1.69220462011,-6.43156594122,2.83136880321,10.761189838
199.034363943,10.0732818028,4029.31272114,2.01120484289,1.35882237752,8212.68043726,0.599815982856,3700.22100022,1386375.84164,151.881665386,207,0.447309383168,-6.55765637361,-0.746678960802,10.9464818548
199.517455731,10.0491272135,4019.65088539,1.91031458893,1.36520427607,8231.46686554,0.601188056204,3718.67814601,1387324.95662,151.985643802,209,0.329282488163,-5.29763559646,-0.548345346816,8.82201129084
199.979744522,10.0260127739,4010.40510955,1.91598530473,1.37137847984,8249.67489402,0.60251788592,3736.39291664,1388260.83474,152.088172079,179,0.493257845345,-5.06388995506,-0.819565357424,8.41383227887
200,10.025,4010,1.87703071971,1.37163035563,8250.35658911,0.602567673759,3737.15331972,1388282.05178,152.090496471,10,-0.0787079872296,-0.204793537122,0.130626388471,0.339882152727
